# Blender 5.2.1 LTS
# www.blender.org
mtllib Wooden_Chair.mtl
o ِWooden_Chair
v 0.200345 -0.000163 0.243735
v 0.200089 -0.000163 0.243249
v 0.199347 -0.000149 0.242492
v 0.199759 -0.000162 0.242849
v 0.199356 -0.000162 0.264463
v 0.199766 -0.000149 0.264187
v 0.200344 -0.000163 0.263267
v 0.200088 -0.000163 0.263754
v 0.185616 -0.000151 0.242263
v 0.183493 -0.000150 0.244301
v 0.183661 -0.000150 0.243735
v 0.183917 -0.000150 0.243247
v 0.185114 -0.000151 0.242336
v 0.184247 -0.000150 0.242848
v 0.184648 -0.000150 0.242539
v 0.183660 -0.000149 0.263267
v 0.183916 -0.000150 0.263753
v 0.184649 -0.000150 0.264462
v 0.184246 -0.000150 0.264152
v -0.225808 0.000197 0.242492
v -0.225388 0.000197 0.242811
v -0.224774 0.000196 0.243743
v -0.225038 0.000196 0.243235
v -0.224774 0.000196 0.263256
v -0.225038 0.000196 0.263763
v -0.225808 0.000197 0.264506
v -0.225388 0.000197 0.264187
v -0.241533 0.000210 0.243743
v -0.241270 0.000210 0.243235
v -0.240500 0.000209 0.242492
v -0.240919 0.000209 0.242811
v -0.241533 0.000210 0.263256
v -0.241269 0.000210 0.263763
v -0.240500 0.000209 0.264506
v -0.240919 0.000209 0.264187
v -0.174759 0.326927 0.225516
v -0.174340 0.326927 0.225197
v -0.173990 0.326926 0.224774
v -0.173726 0.326926 0.224266
v -0.207288 0.326953 0.224266
v -0.207024 0.326953 0.224774
v -0.206674 0.326953 0.225197
v -0.206255 0.326953 0.225516
v 0.132941 0.326677 0.223700
v 0.133105 0.326676 0.224266
v 0.133368 0.326676 0.224773
v 0.133719 0.326676 0.225197
v 0.134138 0.326676 0.225516
v 0.135098 0.326675 0.181209
v 0.132886 0.326677 0.183885
v 0.134605 0.326675 0.181276
v 0.134138 0.326676 0.181474
v 0.133719 0.326676 0.181793
v 0.133368 0.326676 0.182216
v 0.133105 0.326676 0.182724
v 0.132941 0.326677 0.183289
v -0.173726 0.326926 0.182724
v -0.173990 0.326926 0.182216
v -0.174340 0.326927 0.181793
v -0.174759 0.326927 0.181474
v 0.166830 0.326649 0.183289
v 0.166667 0.326649 0.182724
v 0.166403 0.326649 0.182216
v 0.166053 0.326650 0.181793
v 0.165634 0.326650 0.181474
v 0.165634 0.326650 0.225516
v 0.166053 0.326650 0.225197
v 0.166403 0.326649 0.224773
v 0.166667 0.326649 0.224266
v 0.166830 0.326649 0.223700
v -0.206255 0.326953 0.181474
v -0.206674 0.326953 0.181793
v -0.207024 0.326953 0.182216
v -0.207288 0.326953 0.182724
v -0.174713 0.383407 0.225516
v -0.174294 0.383407 0.225197
v -0.173944 0.383407 0.224774
v -0.173680 0.383406 0.224266
v -0.207242 0.383434 0.224266
v -0.206978 0.383434 0.224774
v -0.206628 0.383433 0.225197
v -0.206209 0.383433 0.225516
v 0.133151 0.383157 0.224266
v 0.133414 0.383157 0.224773
v 0.133765 0.383156 0.225197
v 0.134184 0.383156 0.225516
v 0.135144 0.383155 0.181209
v 0.132932 0.383157 0.183885
v 0.134651 0.383156 0.181276
v 0.134184 0.383156 0.181474
v 0.133765 0.383156 0.181793
v 0.133414 0.383157 0.182216
v 0.133151 0.383157 0.182724
v 0.132987 0.383157 0.183290
v -0.173680 0.383406 0.182724
v -0.173944 0.383407 0.182216
v -0.174294 0.383407 0.181793
v -0.174713 0.383407 0.181474
v 0.166713 0.383130 0.182724
v 0.166449 0.383130 0.182216
v 0.166099 0.383130 0.181793
v 0.165679 0.383130 0.181474
v 0.165679 0.383130 0.225516
v 0.166099 0.383130 0.225197
v 0.166449 0.383130 0.224773
v 0.166713 0.383130 0.224266
v -0.206209 0.383433 0.181474
v -0.206628 0.383433 0.181793
v -0.206978 0.383434 0.182216
v -0.207242 0.383434 0.182724
v -0.182694 0.736672 0.218153
v -0.182495 0.736672 0.218001
v -0.182329 0.736671 0.217800
v -0.182204 0.736671 0.217559
v -0.198143 0.736684 0.217559
v -0.198018 0.736684 0.217800
v -0.197852 0.736684 0.218001
v -0.197653 0.736684 0.218153
v 0.142249 0.736407 0.217559
v 0.142374 0.736407 0.217800
v 0.142541 0.736407 0.218001
v 0.142740 0.736407 0.218152
v 0.143196 0.736407 0.197109
v 0.142145 0.736407 0.198380
v 0.142962 0.736407 0.197141
v 0.142740 0.736407 0.197235
v 0.142541 0.736407 0.197386
v 0.142374 0.736407 0.197588
v 0.142249 0.736407 0.197829
v 0.142172 0.736407 0.198097
v -0.182204 0.736671 0.197829
v -0.182329 0.736671 0.197588
v -0.182495 0.736672 0.197387
v -0.182694 0.736672 0.197235
v 0.158189 0.736394 0.197829
v 0.158064 0.736394 0.197588
v 0.157898 0.736395 0.197386
v 0.157698 0.736395 0.197235
v 0.157698 0.736395 0.218152
v 0.157898 0.736395 0.218001
v 0.158064 0.736394 0.217800
v 0.158189 0.736394 0.217559
v -0.197653 0.736684 0.197235
v -0.197852 0.736684 0.197387
v -0.198018 0.736684 0.197588
v -0.198143 0.736684 0.197829
v 0.198388 -0.000161 -0.256652
v 0.200344 -0.000163 -0.255180
v 0.200089 -0.000163 -0.255666
v 0.200150 -0.000199 -0.255162
v 0.199940 -0.000197 -0.255571
v 0.198392 -0.000199 -0.256424
v 0.199356 -0.000162 -0.256375
v 0.199340 -0.000199 -0.256140
v 0.199759 -0.000162 -0.256065
v 0.199680 -0.000197 -0.255886
v 0.200344 -0.000163 -0.235648
v 0.200150 -0.000199 -0.235677
v 0.200088 -0.000163 -0.235160
v 0.199940 -0.000197 -0.235265
v 0.199356 -0.000162 -0.234452
v 0.199758 -0.000162 -0.234761
v 0.199341 -0.000199 -0.234697
v 0.199680 -0.000197 -0.234950
v 0.184648 -0.000150 -0.234452
v 0.184673 -0.000187 -0.234697
v 0.184246 -0.000150 -0.234762
v 0.184332 -0.000185 -0.234951
v 0.183660 -0.000150 -0.235648
v 0.183916 -0.000150 -0.235162
v 0.183628 -0.000187 -0.236825
v 0.183863 -0.000186 -0.235675
v 0.184072 -0.000185 -0.235265
v -0.225808 0.000197 -0.256419
v -0.225389 0.000197 -0.256100
v -0.224775 0.000196 -0.255169
v -0.225038 0.000196 -0.255676
v -0.225808 0.000197 -0.234405
v -0.225389 0.000197 -0.234724
v -0.224775 0.000196 -0.235656
v -0.225038 0.000196 -0.235148
v -0.241533 0.000210 -0.255169
v -0.241270 0.000209 -0.255676
v -0.240500 0.000209 -0.256419
v -0.240919 0.000209 -0.256100
v -0.241533 0.000210 -0.235655
v -0.241270 0.000209 -0.235148
v -0.240500 0.000209 -0.234405
v -0.240919 0.000209 -0.234724
v -0.206154 0.385594 -0.173291
v -0.206573 0.385595 -0.173610
v -0.206923 0.385595 -0.174034
v -0.207187 0.385595 -0.174541
v -0.207187 0.385595 -0.216118
v -0.206923 0.385595 -0.216625
v -0.206573 0.385595 -0.217049
v -0.206154 0.385594 -0.217368
v -0.173599 0.385568 -0.174541
v -0.173862 0.385568 -0.174034
v -0.174213 0.385568 -0.173610
v -0.174632 0.385569 -0.173291
v -0.174632 0.385569 -0.217368
v -0.174213 0.385568 -0.217049
v -0.173862 0.385568 -0.216625
v -0.173599 0.385568 -0.216118
v 0.134106 0.385317 -0.173291
v 0.133687 0.385318 -0.173610
v 0.133336 0.385318 -0.174034
v 0.133073 0.385318 -0.174541
v 0.166661 0.385291 -0.174541
v 0.166397 0.385291 -0.174034
v 0.166047 0.385291 -0.173610
v 0.165628 0.385292 -0.173291
v 0.165628 0.385292 -0.217368
v 0.166047 0.385291 -0.217049
v 0.166397 0.385291 -0.216625
v 0.166661 0.385291 -0.216118
v -0.223217 0.731808 0.181443
v -0.152367 0.809177 0.192166
v -0.223051 0.737353 0.181852
v -0.222545 0.742872 0.182284
v -0.221693 0.748340 0.182737
v -0.220490 0.753729 0.183211
v -0.218940 0.759011 0.183703
v -0.217046 0.764157 0.184209
v -0.214816 0.769140 0.184729
v -0.212259 0.773931 0.185259
v -0.209388 0.778504 0.185796
v -0.206217 0.782833 0.186338
v -0.202763 0.786895 0.186882
v -0.199044 0.790667 0.187424
v -0.195080 0.794128 0.187962
v -0.190895 0.797261 0.188492
v -0.186510 0.800050 0.189013
v -0.181952 0.802481 0.189521
v -0.177244 0.804544 0.190013
v -0.172413 0.806231 0.190487
v -0.167484 0.807537 0.190942
v -0.162483 0.808461 0.191374
v -0.157436 0.809005 0.191782
v -0.152368 0.807989 0.205046
v -0.223217 0.730620 0.194324
v -0.157437 0.807817 0.204663
v -0.162484 0.807273 0.204255
v -0.167485 0.806349 0.203822
v -0.172413 0.805043 0.203368
v -0.177245 0.803356 0.202894
v -0.181953 0.801293 0.202401
v -0.186511 0.798862 0.201894
v -0.190896 0.796073 0.201373
v -0.195081 0.792940 0.200843
v -0.199045 0.789478 0.200305
v -0.202764 0.785707 0.199763
v -0.206218 0.781645 0.199219
v -0.209389 0.777315 0.198677
v -0.212260 0.772743 0.198140
v -0.214817 0.767952 0.197610
v -0.217047 0.762969 0.197090
v -0.218941 0.757823 0.196583
v -0.220491 0.752541 0.196092
v -0.221694 0.747152 0.195618
v -0.222546 0.741684 0.195164
v -0.223052 0.736165 0.194733
v 0.112531 0.808961 0.192166
v 0.183254 0.731478 0.181443
v 0.117599 0.808781 0.191782
v 0.122645 0.808229 0.191374
v 0.127645 0.807297 0.190942
v 0.132571 0.805983 0.190487
v 0.137400 0.804288 0.190013
v 0.142105 0.802217 0.189521
v 0.146659 0.799778 0.189013
v 0.151039 0.796983 0.188492
v 0.155219 0.793843 0.187962
v 0.159177 0.790375 0.187424
v 0.162890 0.786597 0.186882
v 0.166338 0.782530 0.186338
v 0.169502 0.778195 0.185796
v 0.172366 0.773618 0.185259
v 0.174915 0.768823 0.184729
v 0.177137 0.763837 0.184209
v 0.179022 0.758687 0.183702
v 0.180564 0.753403 0.183211
v 0.181757 0.748012 0.182737
v 0.182601 0.742543 0.182284
v 0.183097 0.737022 0.181852
v 0.183253 0.730290 0.194324
v 0.112530 0.807773 0.205046
v 0.183096 0.735834 0.194732
v 0.182600 0.741354 0.195164
v 0.181756 0.746824 0.195618
v 0.180563 0.752215 0.196092
v 0.179021 0.757499 0.196583
v 0.177136 0.762649 0.197090
v 0.174914 0.767635 0.197610
v 0.172365 0.772430 0.198140
v 0.169501 0.777007 0.198677
v 0.166337 0.781342 0.199219
v 0.162889 0.785409 0.199762
v 0.159176 0.789187 0.200305
v 0.155219 0.792655 0.200842
v 0.151038 0.795795 0.201373
v 0.146658 0.798590 0.201894
v 0.142104 0.801029 0.202401
v 0.137399 0.803100 0.202894
v 0.132570 0.804795 0.203368
v 0.127644 0.806109 0.203822
v 0.122644 0.807041 0.204255
v 0.117598 0.807593 0.204663
v -0.181640 0.643631 0.178178
v -0.223251 0.689219 0.178393
v -0.184622 0.643737 0.177967
v -0.187591 0.644062 0.177773
v -0.190532 0.644610 0.177597
v -0.193431 0.645383 0.177440
v -0.196272 0.646381 0.177303
v -0.199040 0.647599 0.177188
v -0.201720 0.649034 0.177094
v -0.204297 0.650679 0.177023
v -0.206757 0.652526 0.176976
v -0.209085 0.654566 0.176951
v -0.211270 0.656789 0.176950
v -0.213298 0.659182 0.176973
v -0.215160 0.661732 0.177019
v -0.216845 0.664426 0.177088
v -0.218344 0.667247 0.177180
v -0.219652 0.670181 0.177295
v -0.220761 0.673210 0.177430
v -0.221668 0.676319 0.177586
v -0.222370 0.679491 0.177762
v -0.222867 0.682709 0.177956
v -0.223159 0.685957 0.178167
v -0.223252 0.688031 0.191274
v -0.181641 0.642443 0.191059
v -0.223160 0.684769 0.191047
v -0.222868 0.681521 0.190836
v -0.222371 0.678303 0.190642
v -0.221669 0.675131 0.190467
v -0.220762 0.672022 0.190311
v -0.219653 0.668993 0.190175
v -0.218345 0.666059 0.190061
v -0.216846 0.663238 0.189969
v -0.215161 0.660544 0.189900
v -0.213299 0.657994 0.189854
v -0.211271 0.655601 0.189831
v -0.209086 0.653378 0.189832
v -0.206758 0.651338 0.189856
v -0.204298 0.649490 0.189904
v -0.201721 0.647846 0.189975
v -0.199041 0.646411 0.190069
v -0.196273 0.645193 0.190184
v -0.193432 0.644195 0.190321
v -0.190533 0.643422 0.190478
v -0.187592 0.642874 0.190654
v -0.184623 0.642549 0.190848
v 0.183220 0.688889 0.178393
v 0.141534 0.643368 0.178178
v 0.183122 0.685627 0.178167
v 0.182825 0.682379 0.177956
v 0.182323 0.679162 0.177762
v 0.181616 0.675991 0.177586
v 0.180703 0.672883 0.177430
v 0.179589 0.669856 0.177294
v 0.178277 0.666924 0.177180
v 0.176773 0.664105 0.177088
v 0.175084 0.661415 0.177019
v 0.173218 0.658868 0.176973
v 0.171185 0.656478 0.176950
v 0.168997 0.654259 0.176951
v 0.166665 0.652222 0.176975
v 0.164203 0.650379 0.177023
v 0.161623 0.648738 0.177094
v 0.158941 0.647308 0.177188
v 0.156171 0.646094 0.177303
v 0.153328 0.645101 0.177440
v 0.150428 0.644333 0.177597
v 0.147486 0.643789 0.177773
v 0.144517 0.643469 0.177967
v 0.141533 0.642180 0.191058
v 0.183219 0.687700 0.191274
v 0.144516 0.642281 0.190848
v 0.147485 0.642601 0.190654
v 0.150427 0.643144 0.190478
v 0.153327 0.643913 0.190321
v 0.156170 0.644906 0.190184
v 0.158940 0.646120 0.190068
v 0.161622 0.647550 0.189975
v 0.164202 0.649191 0.189904
v 0.166664 0.651034 0.189856
v 0.168996 0.653071 0.189832
v 0.171184 0.655290 0.189831
v 0.173217 0.657680 0.189853
v 0.175083 0.660227 0.189900
v 0.176772 0.662917 0.189969
v 0.178276 0.665736 0.190061
v 0.179588 0.668668 0.190175
v 0.180702 0.671695 0.190311
v 0.181615 0.674803 0.190467
v 0.182322 0.677974 0.190642
v 0.182824 0.681191 0.190836
v 0.183121 0.684439 0.191047
v -0.142788 0.807981 0.205747
v 0.102949 0.807781 0.205747
v -0.136402 0.807976 0.206194
v -0.129737 0.807970 0.206618
v -0.122799 0.807965 0.207019
v -0.115600 0.807959 0.207393
v -0.108155 0.807953 0.207741
v -0.100479 0.807947 0.208062
v -0.092592 0.807940 0.208353
v -0.084511 0.807934 0.208614
v -0.076258 0.807927 0.208845
v -0.067852 0.807920 0.209044
v -0.059317 0.807913 0.209211
v -0.050674 0.807906 0.209346
v -0.041948 0.807899 0.209447
v -0.033160 0.807892 0.209515
v -0.024337 0.807885 0.209548
v -0.015501 0.807878 0.209548
v -0.006678 0.807870 0.209515
v 0.002109 0.807863 0.209447
v 0.010836 0.807856 0.209346
v 0.019479 0.807849 0.209211
v 0.028014 0.807842 0.209044
v 0.036420 0.807835 0.208845
v 0.044673 0.807829 0.208614
v 0.052754 0.807822 0.208353
v 0.060641 0.807816 0.208062
v 0.068316 0.807809 0.207741
v 0.075762 0.807803 0.207393
v 0.082961 0.807797 0.207019
v 0.089899 0.807792 0.206618
v 0.096564 0.807786 0.206194
v 0.102815 0.642211 0.193891
v -0.142922 0.642411 0.193891
v 0.096429 0.642216 0.194338
v 0.089764 0.642222 0.194762
v 0.082826 0.642227 0.195162
v 0.075627 0.642233 0.195537
v 0.068182 0.642239 0.195885
v 0.060506 0.642246 0.196205
v 0.052619 0.642252 0.196497
v 0.044538 0.642259 0.196758
v 0.036285 0.642265 0.196989
v 0.027879 0.642272 0.197188
v 0.019344 0.642279 0.197355
v 0.010701 0.642286 0.197490
v 0.001975 0.642293 0.197591
v -0.006812 0.642300 0.197658
v -0.015636 0.642308 0.197692
v -0.024472 0.642315 0.197692
v -0.033295 0.642322 0.197658
v -0.042082 0.642329 0.197591
v -0.050809 0.642336 0.197490
v -0.059452 0.642343 0.197355
v -0.067987 0.642350 0.197188
v -0.076392 0.642357 0.196989
v -0.084646 0.642364 0.196758
v -0.092727 0.642370 0.196497
v -0.100614 0.642377 0.196205
v -0.108289 0.642383 0.195885
v -0.115735 0.642389 0.195537
v -0.122934 0.642395 0.195162
v -0.129872 0.642401 0.194762
v -0.136537 0.642406 0.194338
v 0.102950 0.808969 0.192867
v -0.142787 0.809169 0.192867
v 0.096565 0.808974 0.193313
v 0.089900 0.808980 0.193738
v 0.082962 0.808985 0.194138
v 0.075763 0.808991 0.194513
v 0.068317 0.808997 0.194861
v 0.060642 0.809004 0.195181
v 0.052755 0.809010 0.195472
v 0.044674 0.809017 0.195734
v 0.036421 0.809023 0.195964
v 0.028015 0.809030 0.196164
v 0.019480 0.809037 0.196331
v 0.010837 0.809044 0.196465
v 0.002110 0.809051 0.196566
v -0.006677 0.809058 0.196634
v -0.015500 0.809066 0.196668
v -0.024336 0.809073 0.196668
v -0.033159 0.809080 0.196634
v -0.041947 0.809087 0.196566
v -0.050673 0.809094 0.196465
v -0.059316 0.809101 0.196331
v -0.067851 0.809108 0.196164
v -0.076257 0.809115 0.195964
v -0.084510 0.809122 0.195734
v -0.092591 0.809128 0.195472
v -0.100478 0.809135 0.195181
v -0.108154 0.809141 0.194861
v -0.115599 0.809147 0.194513
v -0.122798 0.809153 0.194138
v -0.129736 0.809159 0.193738
v -0.136401 0.809164 0.193313
v -0.142921 0.643599 0.181010
v 0.102816 0.643399 0.181010
v -0.136536 0.643594 0.181457
v -0.129871 0.643589 0.181882
v -0.122933 0.643583 0.182282
v -0.115734 0.643577 0.182657
v -0.108288 0.643571 0.183005
v -0.100613 0.643565 0.183325
v -0.092726 0.643558 0.183616
v -0.084645 0.643552 0.183878
v -0.076391 0.643545 0.184108
v -0.067986 0.643538 0.184307
v -0.059451 0.643531 0.184475
v -0.050808 0.643524 0.184609
v -0.042081 0.643517 0.184710
v -0.033294 0.643510 0.184778
v -0.024471 0.643503 0.184812
v -0.015635 0.643496 0.184812
v -0.006812 0.643488 0.184778
v 0.001976 0.643481 0.184710
v 0.010702 0.643474 0.184609
v 0.019345 0.643467 0.184475
v 0.027880 0.643460 0.184307
v 0.036286 0.643453 0.184108
v 0.044539 0.643447 0.183877
v 0.052620 0.643440 0.183616
v 0.060507 0.643434 0.183325
v 0.068183 0.643427 0.183004
v 0.075628 0.643421 0.182656
v 0.082827 0.643416 0.182282
v 0.089765 0.643410 0.181881
v 0.096430 0.643404 0.181457
v 0.144281 0.383465 0.200180
v 0.144234 0.325529 0.200180
v -0.190337 0.383737 0.187957
v -0.190384 0.325802 0.187957
v 0.144281 0.383465 0.187956
v 0.144234 0.325529 0.187956
v -0.183121 0.325796 -0.190716
v -0.183073 0.383731 -0.190716
v 0.141934 0.325531 -0.190716
v 0.141981 0.383467 -0.190716
v -0.183121 0.325796 -0.205508
v -0.183073 0.383731 -0.205508
v 0.141934 0.325531 -0.205508
v 0.141981 0.383467 -0.205508
v -0.186178 0.325798 -0.192587
v -0.186131 0.383734 -0.192587
v -0.186178 0.325798 0.182778
v -0.186130 0.383734 0.182778
v -0.198401 0.325808 -0.192587
v -0.198354 0.383744 -0.192587
v -0.198401 0.325808 0.182778
v -0.198354 0.383744 0.182778
v 0.145554 0.325528 -0.192587
v 0.145602 0.383464 -0.192587
v 0.145555 0.325528 0.182777
v 0.145602 0.383464 0.182777
v 0.157778 0.325518 -0.192587
v 0.157825 0.383454 -0.192587
v 0.157778 0.325518 0.182777
v 0.157825 0.383454 0.182777
v -0.238379 0.386688 -0.119741
v -0.239609 0.387526 -0.119768
v -0.240586 0.388773 -0.119789
v -0.241212 0.390305 -0.119803
v -0.132636 0.379987 -0.257248
v -0.132723 0.380754 -0.258738
v -0.132792 0.381943 -0.259919
v -0.132835 0.383440 -0.260678
v -0.140718 0.380499 -0.256197
v -0.140892 0.381271 -0.257675
v -0.141030 0.382466 -0.258848
v -0.141118 0.383965 -0.259601
v -0.148717 0.381006 -0.254450
v -0.148978 0.381784 -0.255909
v -0.149185 0.382982 -0.257067
v -0.149317 0.384485 -0.257811
v -0.156593 0.381505 -0.252017
v -0.156939 0.382288 -0.253450
v -0.157213 0.383491 -0.254587
v -0.157389 0.384996 -0.255317
v -0.164305 0.381994 -0.248911
v -0.164735 0.382782 -0.250310
v -0.165075 0.383989 -0.251421
v -0.165293 0.385497 -0.252134
v -0.171815 0.382470 -0.245147
v -0.172325 0.383263 -0.246505
v -0.172730 0.384474 -0.247583
v -0.172990 0.385985 -0.248275
v -0.179083 0.382930 -0.240743
v -0.179673 0.383729 -0.242054
v -0.180140 0.384944 -0.243095
v -0.180439 0.386456 -0.243763
v -0.186074 0.383373 -0.235724
v -0.186739 0.384176 -0.236981
v -0.187266 0.385395 -0.237978
v -0.187604 0.386910 -0.238618
v -0.192750 0.383796 -0.230114
v -0.193488 0.384604 -0.231310
v -0.194072 0.385826 -0.232259
v -0.194447 0.387344 -0.232868
v -0.199079 0.384198 -0.223942
v -0.199885 0.385009 -0.225071
v -0.200524 0.386235 -0.225967
v -0.200933 0.387754 -0.226542
v -0.205028 0.384574 -0.217239
v -0.205898 0.385390 -0.218296
v -0.206588 0.386619 -0.219134
v -0.207031 0.388141 -0.219673
v -0.210567 0.384925 -0.210040
v -0.211497 0.385745 -0.211019
v -0.212234 0.386977 -0.211795
v -0.212707 0.388500 -0.212294
v -0.215667 0.385249 -0.202381
v -0.216652 0.386072 -0.203277
v -0.217433 0.387306 -0.203987
v -0.217935 0.388831 -0.204444
v -0.220302 0.385542 -0.194301
v -0.221338 0.386369 -0.195110
v -0.222159 0.387606 -0.195751
v -0.222686 0.389132 -0.196162
v -0.224449 0.385805 -0.185842
v -0.225530 0.386634 -0.186559
v -0.226387 0.387873 -0.187127
v -0.226937 0.389401 -0.187492
v -0.228088 0.386036 -0.177047
v -0.229208 0.386867 -0.177668
v -0.230096 0.388108 -0.178160
v -0.230666 0.389637 -0.178477
v -0.231198 0.386233 -0.167959
v -0.232352 0.387066 -0.168482
v -0.233267 0.388309 -0.168896
v -0.233854 0.389839 -0.169163
v -0.233765 0.386395 -0.158627
v -0.234946 0.387231 -0.159048
v -0.235883 0.388475 -0.159382
v -0.236484 0.390005 -0.159597
v -0.235775 0.386523 -0.149096
v -0.236978 0.387360 -0.149414
v -0.237932 0.388605 -0.149666
v -0.238545 0.390136 -0.149828
v -0.237218 0.386614 -0.139417
v -0.238437 0.387452 -0.139629
v -0.239404 0.388698 -0.139798
v -0.240024 0.390230 -0.139907
v -0.238087 0.386669 -0.129637
v -0.239315 0.387508 -0.129744
v -0.240289 0.388754 -0.129828
v -0.240914 0.390286 -0.129883
v -0.238362 0.407380 -0.119741
v -0.239594 0.406698 -0.119768
v -0.240572 0.405575 -0.119789
v -0.241201 0.404123 -0.119803
v -0.238070 0.407362 -0.129637
v -0.239299 0.406679 -0.129744
v -0.240276 0.405556 -0.129828
v -0.240903 0.404104 -0.129883
v -0.237201 0.407306 -0.139417
v -0.238421 0.406623 -0.139629
v -0.239390 0.405500 -0.139798
v -0.240013 0.404047 -0.139907
v -0.235758 0.407215 -0.149096
v -0.236962 0.406531 -0.149414
v -0.237919 0.405407 -0.149666
v -0.238533 0.403953 -0.149828
v -0.233748 0.407088 -0.158627
v -0.234931 0.406402 -0.159048
v -0.235870 0.405277 -0.159382
v -0.236473 0.403823 -0.159597
v -0.231181 0.406925 -0.167959
v -0.232336 0.406238 -0.168482
v -0.233253 0.405111 -0.168896
v -0.233842 0.403656 -0.169162
v -0.228071 0.406728 -0.177047
v -0.229192 0.406038 -0.177668
v -0.230082 0.404910 -0.178160
v -0.230654 0.403454 -0.178477
v -0.224433 0.406497 -0.185842
v -0.225514 0.405805 -0.186559
v -0.226373 0.404675 -0.187127
v -0.226925 0.403217 -0.187492
v -0.220285 0.406234 -0.194301
v -0.221322 0.405539 -0.195109
v -0.222145 0.404407 -0.195751
v -0.222675 0.402947 -0.196162
v -0.215650 0.405941 -0.202381
v -0.216636 0.405242 -0.203277
v -0.217420 0.404107 -0.203987
v -0.217923 0.402646 -0.204444
v -0.210550 0.405618 -0.210040
v -0.211481 0.404916 -0.211019
v -0.212221 0.403778 -0.211795
v -0.212696 0.402315 -0.212294
v -0.205011 0.405266 -0.217239
v -0.205883 0.404561 -0.218296
v -0.206574 0.403420 -0.219134
v -0.207019 0.401955 -0.219673
v -0.199062 0.404889 -0.223942
v -0.199869 0.404180 -0.225071
v -0.200510 0.403035 -0.225967
v -0.200922 0.401568 -0.226542
v -0.192734 0.404488 -0.230114
v -0.193472 0.403774 -0.231310
v -0.194058 0.402626 -0.232259
v -0.194436 0.401157 -0.232868
v -0.186057 0.404065 -0.235724
v -0.186723 0.403346 -0.236981
v -0.187252 0.402195 -0.237978
v -0.187592 0.400723 -0.238618
v -0.179066 0.403622 -0.240743
v -0.179657 0.402899 -0.242054
v -0.180126 0.401743 -0.243095
v -0.180428 0.400268 -0.243763
v -0.171798 0.403162 -0.245147
v -0.172310 0.402433 -0.246505
v -0.172717 0.401273 -0.247583
v -0.172978 0.399796 -0.248275
v -0.164289 0.402686 -0.248911
v -0.164719 0.401952 -0.250310
v -0.165061 0.400788 -0.251421
v -0.165282 0.399308 -0.252134
v -0.156576 0.402197 -0.252017
v -0.156923 0.401458 -0.253450
v -0.157199 0.400290 -0.254587
v -0.157377 0.398807 -0.255317
v -0.148700 0.401698 -0.254450
v -0.148962 0.400953 -0.255909
v -0.149171 0.399781 -0.257067
v -0.149305 0.398296 -0.257811
v -0.140701 0.401191 -0.256197
v -0.140877 0.400441 -0.257675
v -0.141017 0.399264 -0.258848
v -0.141107 0.397776 -0.259601
v -0.132619 0.400679 -0.257248
v -0.132707 0.399923 -0.258738
v -0.132778 0.398742 -0.259919
v -0.132824 0.397251 -0.260678
v 0.197854 0.386333 -0.119742
v 0.199087 0.387169 -0.119768
v 0.200065 0.388414 -0.119789
v 0.200694 0.389945 -0.119803
v 0.197562 0.386315 -0.129637
v 0.198792 0.387151 -0.129744
v 0.199769 0.388396 -0.129829
v 0.200396 0.389927 -0.129883
v 0.196693 0.386261 -0.139417
v 0.197914 0.387097 -0.139630
v 0.198883 0.388341 -0.139798
v 0.199505 0.389872 -0.139907
v 0.195250 0.386172 -0.149096
v 0.196455 0.387007 -0.149414
v 0.197411 0.388250 -0.149666
v 0.198026 0.389781 -0.149828
v 0.193240 0.386048 -0.158627
v 0.194423 0.386881 -0.159048
v 0.195362 0.388124 -0.159382
v 0.195966 0.389654 -0.159597
v 0.190673 0.385890 -0.167959
v 0.191828 0.386721 -0.168482
v 0.192745 0.387962 -0.168896
v 0.193335 0.389491 -0.169163
v 0.187562 0.385698 -0.177047
v 0.188684 0.386527 -0.177668
v 0.189574 0.387767 -0.178161
v 0.190146 0.389295 -0.178477
v 0.183924 0.385473 -0.185843
v 0.185006 0.386300 -0.186559
v 0.185865 0.387538 -0.187127
v 0.186417 0.389065 -0.187492
v 0.179776 0.385217 -0.194302
v 0.180813 0.386041 -0.195110
v 0.181636 0.387277 -0.195751
v 0.182166 0.388802 -0.196163
v 0.175140 0.384931 -0.202381
v 0.176127 0.385752 -0.203277
v 0.176910 0.386985 -0.203988
v 0.177414 0.388509 -0.204444
v 0.170040 0.384616 -0.210040
v 0.170971 0.385434 -0.211019
v 0.171711 0.386665 -0.211795
v 0.172186 0.388187 -0.212294
v 0.164500 0.384274 -0.217239
v 0.165372 0.385088 -0.218296
v 0.166064 0.386316 -0.219134
v 0.166509 0.387837 -0.219673
v 0.158551 0.383907 -0.223942
v 0.159358 0.384717 -0.225071
v 0.159999 0.385942 -0.225967
v 0.160411 0.387460 -0.226543
v 0.152222 0.383516 -0.230114
v 0.152960 0.384322 -0.231310
v 0.153546 0.385544 -0.232259
v 0.153924 0.387060 -0.232869
v 0.145544 0.383104 -0.235724
v 0.146210 0.383906 -0.236981
v 0.146740 0.385123 -0.237978
v 0.147080 0.386638 -0.238618
v 0.138553 0.382672 -0.240744
v 0.139144 0.383469 -0.242054
v 0.139613 0.384684 -0.243095
v 0.139915 0.386196 -0.243763
v 0.131284 0.382223 -0.245147
v 0.131796 0.383016 -0.246505
v 0.132203 0.384226 -0.247583
v 0.132464 0.385736 -0.248276
v 0.123774 0.381759 -0.248911
v 0.124204 0.382547 -0.250310
v 0.124547 0.383754 -0.251421
v 0.124767 0.385261 -0.252134
v 0.116060 0.381283 -0.252017
v 0.116408 0.382066 -0.253450
v 0.116684 0.383268 -0.254587
v 0.116862 0.384773 -0.255317
v 0.108184 0.380797 -0.254450
v 0.108446 0.381574 -0.255909
v 0.108654 0.382773 -0.257067
v 0.108789 0.384275 -0.257811
v 0.100184 0.380303 -0.256197
v 0.100359 0.381075 -0.257675
v 0.100499 0.382269 -0.258848
v 0.100590 0.383768 -0.259601
v 0.092101 0.379804 -0.257248
v 0.092189 0.380571 -0.258738
v 0.092260 0.381760 -0.259920
v 0.092306 0.383257 -0.260678
v -0.190337 0.383737 0.200180
v -0.190384 0.325802 0.200180
v 0.197871 0.407025 -0.119742
v 0.199102 0.406341 -0.119768
v 0.200079 0.405217 -0.119789
v 0.200705 0.403763 -0.119803
v 0.092118 0.400496 -0.257248
v 0.092205 0.399740 -0.258738
v 0.092274 0.398559 -0.259920
v 0.092317 0.397068 -0.260678
v 0.100200 0.400995 -0.256197
v 0.100375 0.400245 -0.257675
v 0.100513 0.399068 -0.258848
v 0.100601 0.397579 -0.259601
v 0.108200 0.401489 -0.254450
v 0.108461 0.400744 -0.255909
v 0.108668 0.399571 -0.257067
v 0.108800 0.398086 -0.257811
v 0.116077 0.401975 -0.252018
v 0.116423 0.401235 -0.253450
v 0.116697 0.400067 -0.254587
v 0.116873 0.398584 -0.255317
v 0.123790 0.402451 -0.248911
v 0.124220 0.401717 -0.250310
v 0.124560 0.400552 -0.251421
v 0.124778 0.399072 -0.252134
v 0.131301 0.402915 -0.245147
v 0.131811 0.402185 -0.246505
v 0.132216 0.401025 -0.247583
v 0.132476 0.399548 -0.248276
v 0.138570 0.403364 -0.240744
v 0.139159 0.402639 -0.242055
v 0.139627 0.401483 -0.243095
v 0.139926 0.400008 -0.243763
v 0.145561 0.403795 -0.235724
v 0.146226 0.403076 -0.236981
v 0.146753 0.401923 -0.237978
v 0.147091 0.400450 -0.238618
v 0.152238 0.404208 -0.230114
v 0.152976 0.403492 -0.231310
v 0.153560 0.402343 -0.232259
v 0.153935 0.400873 -0.232869
v 0.158568 0.404598 -0.223942
v 0.159374 0.403887 -0.225071
v 0.160013 0.402742 -0.225967
v 0.160422 0.401274 -0.226543
v 0.164517 0.404966 -0.217239
v 0.165387 0.404259 -0.218296
v 0.166078 0.403116 -0.219134
v 0.166520 0.401651 -0.219673
v 0.170056 0.405308 -0.210040
v 0.170987 0.404604 -0.211019
v 0.171724 0.403465 -0.211795
v 0.172197 0.402001 -0.212294
v 0.175157 0.405623 -0.202381
v 0.176142 0.404923 -0.203277
v 0.176924 0.403786 -0.203988
v 0.177425 0.402324 -0.204444
v 0.179793 0.405909 -0.194302
v 0.180829 0.405212 -0.195110
v 0.181650 0.404078 -0.195751
v 0.182177 0.402618 -0.196163
v 0.183941 0.406165 -0.185842
v 0.185021 0.405471 -0.186559
v 0.185878 0.404339 -0.187127
v 0.186428 0.402881 -0.187492
v 0.187579 0.406390 -0.177047
v 0.188699 0.405698 -0.177668
v 0.189588 0.404569 -0.178161
v 0.190157 0.403111 -0.178477
v 0.190690 0.406582 -0.167960
v 0.191844 0.405893 -0.168482
v 0.192759 0.404765 -0.168896
v 0.193346 0.403308 -0.169163
v 0.193257 0.406740 -0.158627
v 0.194438 0.406053 -0.159048
v 0.195376 0.404926 -0.159382
v 0.195977 0.403471 -0.159597
v 0.195267 0.406864 -0.149096
v 0.196470 0.406178 -0.149414
v 0.197425 0.405053 -0.149666
v 0.198037 0.403598 -0.149828
v 0.196710 0.406953 -0.139417
v 0.197929 0.406268 -0.139630
v 0.198896 0.405144 -0.139798
v 0.199517 0.403690 -0.139907
v 0.197579 0.407007 -0.129637
v 0.198808 0.406323 -0.129744
v 0.199782 0.405198 -0.129829
v 0.200407 0.403745 -0.129883
v -0.238378 0.386688 0.083537
v -0.239609 0.387526 0.083569
v -0.240586 0.388773 0.083595
v -0.241212 0.390305 0.083612
v -0.158914 0.381652 0.179698
v -0.158941 0.382415 0.181191
v -0.158961 0.383602 0.182375
v -0.158973 0.385096 0.183135
v -0.238073 0.386669 0.091991
v -0.239301 0.387507 0.092121
v -0.240274 0.388753 0.092225
v -0.240899 0.390285 0.092291
v -0.237169 0.386611 0.100300
v -0.238383 0.387449 0.100560
v -0.239345 0.388694 0.100766
v -0.239962 0.390226 0.100899
v -0.235670 0.386516 0.108483
v -0.236860 0.387352 0.108870
v -0.237804 0.388597 0.109177
v -0.238409 0.390128 0.109374
v -0.233588 0.386384 0.116476
v -0.234745 0.387218 0.116988
v -0.235663 0.388461 0.117394
v -0.236252 0.389991 0.117654
v -0.230937 0.386216 0.124220
v -0.232054 0.387048 0.124852
v -0.232939 0.388288 0.125353
v -0.233507 0.389817 0.125675
v -0.227740 0.386014 0.131654
v -0.228806 0.386842 0.132402
v -0.229652 0.388080 0.132995
v -0.230194 0.389608 0.133376
v -0.224018 0.385778 0.138723
v -0.225027 0.386603 0.139581
v -0.225827 0.387838 0.140261
v -0.226340 0.389364 0.140698
v -0.219802 0.385511 0.145373
v -0.220745 0.386331 0.146334
v -0.221493 0.387564 0.147096
v -0.221973 0.389087 0.147586
v -0.215123 0.385214 0.151553
v -0.215993 0.386030 0.152610
v -0.216683 0.387259 0.153448
v -0.217126 0.388780 0.153987
v -0.210016 0.384891 0.157216
v -0.210807 0.385702 0.158360
v -0.211435 0.386927 0.159269
v -0.211837 0.388445 0.159852
v -0.204521 0.384542 0.162318
v -0.205227 0.385348 0.163542
v -0.205787 0.386569 0.164514
v -0.206145 0.388085 0.165137
v -0.198680 0.384172 0.166822
v -0.199295 0.384972 0.168116
v -0.199782 0.386188 0.169143
v -0.200095 0.387702 0.169802
v -0.192536 0.383783 0.170693
v -0.193056 0.384577 0.172046
v -0.193468 0.385788 0.173121
v -0.193731 0.387299 0.173811
v -0.186137 0.383377 0.173900
v -0.186557 0.384165 0.175304
v -0.186890 0.385372 0.176418
v -0.187104 0.386879 0.177133
v -0.179531 0.382959 0.176421
v -0.179849 0.383740 0.177864
v -0.180101 0.384942 0.179009
v -0.180262 0.386445 0.179744
v -0.172768 0.382530 0.178235
v -0.172981 0.383305 0.179706
v -0.173150 0.384501 0.180874
v -0.173258 0.386002 0.181623
v -0.165901 0.382095 0.179329
v -0.166007 0.382863 0.180817
v -0.166092 0.384054 0.181998
v -0.166145 0.385551 0.182756
v -0.158898 0.402344 0.179698
v -0.158925 0.401585 0.181191
v -0.158947 0.400401 0.182375
v -0.158962 0.398908 0.183135
v -0.238362 0.407380 0.083537
v -0.239594 0.406698 0.083569
v -0.240572 0.405575 0.083595
v -0.241201 0.404123 0.083612
v -0.165884 0.402787 0.179329
v -0.165992 0.402033 0.180817
v -0.166078 0.400853 0.181998
v -0.166134 0.399362 0.182756
v -0.172751 0.403222 0.178235
v -0.172966 0.402475 0.179706
v -0.173136 0.401300 0.180874
v -0.173246 0.399813 0.181623
v -0.179514 0.403651 0.176421
v -0.179833 0.402910 0.177864
v -0.180087 0.401740 0.179009
v -0.180250 0.400257 0.179744
v -0.186120 0.404069 0.173900
v -0.186541 0.403335 0.175304
v -0.186877 0.402171 0.176418
v -0.187092 0.400691 0.177133
v -0.192519 0.404475 0.170693
v -0.193040 0.403747 0.172046
v -0.193454 0.402588 0.173121
v -0.193720 0.401111 0.173811
v -0.198663 0.404864 0.166822
v -0.199279 0.404142 0.168116
v -0.199769 0.402988 0.169143
v -0.200084 0.401514 0.169802
v -0.204504 0.405234 0.162318
v -0.205211 0.404518 0.163542
v -0.205773 0.403369 0.164514
v -0.206134 0.401898 0.165137
v -0.209999 0.405583 0.157216
v -0.210792 0.404872 0.158360
v -0.211421 0.403727 0.159269
v -0.211826 0.402259 0.159852
v -0.215106 0.405906 0.151553
v -0.215978 0.405201 0.152610
v -0.216670 0.404059 0.153448
v -0.217115 0.402594 0.153987
v -0.219785 0.406203 0.145373
v -0.220729 0.405502 0.146334
v -0.221479 0.404364 0.147096
v -0.221961 0.402902 0.147586
v -0.224001 0.406470 0.138723
v -0.225011 0.405773 0.139581
v -0.225813 0.404639 0.140261
v -0.226329 0.403179 0.140698
v -0.227723 0.406706 0.131654
v -0.228790 0.406013 0.132402
v -0.229638 0.404882 0.132995
v -0.230183 0.403423 0.133376
v -0.230921 0.406909 0.124220
v -0.232038 0.406219 0.124852
v -0.232925 0.405090 0.125353
v -0.233496 0.403634 0.125675
v -0.233571 0.407076 0.116476
v -0.234730 0.406389 0.116988
v -0.235650 0.405263 0.117394
v -0.236241 0.403808 0.117654
v -0.235654 0.407208 0.108483
v -0.236845 0.406523 0.108870
v -0.237790 0.405399 0.109177
v -0.238398 0.403945 0.109374
v -0.237153 0.407304 0.100300
v -0.238367 0.406620 0.100560
v -0.239331 0.405497 0.100766
v -0.239951 0.404043 0.100899
v -0.238057 0.407361 0.091991
v -0.239285 0.406678 0.092121
v -0.240261 0.405556 0.092225
v -0.240887 0.404103 0.092291
v 0.118382 0.381427 0.179698
v 0.118410 0.382189 0.181191
v 0.118432 0.383376 0.182375
v 0.118447 0.384871 0.183135
v 0.197854 0.386333 0.083536
v 0.199087 0.387169 0.083569
v 0.200065 0.388414 0.083595
v 0.200694 0.389945 0.083612
v 0.125369 0.381858 0.179329
v 0.125477 0.382626 0.180817
v 0.125564 0.383816 0.181998
v 0.125619 0.385314 0.182756
v 0.132238 0.382282 0.178235
v 0.132452 0.383056 0.179706
v 0.132623 0.384252 0.180873
v 0.132733 0.385753 0.181623
v 0.139001 0.382700 0.176421
v 0.139320 0.383480 0.177864
v 0.139574 0.384681 0.179009
v 0.139737 0.386185 0.179744
v 0.145607 0.383107 0.173900
v 0.146029 0.383895 0.175304
v 0.146364 0.385101 0.176418
v 0.146580 0.386607 0.177133
v 0.152007 0.383503 0.170692
v 0.152528 0.384296 0.172046
v 0.152942 0.385507 0.173121
v 0.153209 0.387017 0.173811
v 0.158152 0.383882 0.166822
v 0.158768 0.384681 0.168116
v 0.159258 0.385896 0.169143
v 0.159573 0.387409 0.169802
v 0.163994 0.384243 0.162318
v 0.164701 0.385047 0.163542
v 0.165263 0.386267 0.164514
v 0.165624 0.387783 0.165137
v 0.169489 0.384582 0.157215
v 0.170282 0.385392 0.158360
v 0.170911 0.386615 0.159269
v 0.171316 0.388134 0.159852
v 0.174596 0.384897 0.151553
v 0.175468 0.385712 0.152609
v 0.176160 0.386939 0.153448
v 0.176605 0.388460 0.153987
v 0.179276 0.385186 0.145373
v 0.180221 0.386005 0.146334
v 0.180970 0.387236 0.147096
v 0.181453 0.388759 0.147586
v 0.183493 0.385446 0.138723
v 0.184503 0.386269 0.139581
v 0.185305 0.387504 0.140261
v 0.185820 0.389028 0.140698
v 0.187215 0.385676 0.131654
v 0.188282 0.386503 0.132402
v 0.189130 0.387740 0.132995
v 0.189675 0.389266 0.133376
v 0.190413 0.385873 0.124220
v 0.191530 0.386703 0.124852
v 0.192418 0.387942 0.125353
v 0.192988 0.389470 0.125675
v 0.193063 0.386037 0.116476
v 0.194222 0.386869 0.116988
v 0.195142 0.388110 0.117394
v 0.195734 0.389640 0.117654
v 0.195146 0.386166 0.108483
v 0.196337 0.387000 0.108870
v 0.197283 0.388243 0.109177
v 0.197891 0.389773 0.109374
v 0.196645 0.386258 0.100300
v 0.197860 0.387094 0.100560
v 0.198824 0.388338 0.100766
v 0.199444 0.389868 0.100898
v 0.197549 0.386314 0.091991
v 0.198778 0.387150 0.092121
v 0.199754 0.388395 0.092224
v 0.200380 0.389926 0.092291
v 0.197871 0.407025 0.083536
v 0.199102 0.406341 0.083569
v 0.200079 0.405217 0.083595
v 0.200705 0.403763 0.083612
v 0.118399 0.402118 0.179698
v 0.118425 0.401359 0.181191
v 0.118446 0.400175 0.182375
v 0.118458 0.398682 0.183135
v 0.197566 0.407006 0.091991
v 0.198794 0.406322 0.092121
v 0.199767 0.405197 0.092224
v 0.200392 0.403744 0.092291
v 0.196662 0.406951 0.100300
v 0.197876 0.406265 0.100560
v 0.198838 0.405140 0.100766
v 0.199455 0.403686 0.100898
v 0.195163 0.406858 0.108483
v 0.196353 0.406171 0.108870
v 0.197297 0.405045 0.109177
v 0.197902 0.403590 0.109374
v 0.193080 0.406729 0.116476
v 0.194238 0.406040 0.116988
v 0.195156 0.404913 0.117394
v 0.195745 0.403456 0.117654
v 0.190430 0.406566 0.124220
v 0.191546 0.405874 0.124852
v 0.192431 0.404744 0.125353
v 0.192999 0.403287 0.125675
v 0.187231 0.406368 0.131654
v 0.188298 0.405673 0.132402
v 0.189144 0.404541 0.132995
v 0.189686 0.403082 0.133376
v 0.183510 0.406138 0.138723
v 0.184518 0.405440 0.139581
v 0.185318 0.404305 0.140261
v 0.185831 0.402844 0.140698
v 0.179293 0.405878 0.145373
v 0.180236 0.405176 0.146334
v 0.180984 0.404037 0.147096
v 0.181464 0.402574 0.147586
v 0.174613 0.405589 0.151553
v 0.175484 0.404882 0.152609
v 0.176174 0.403740 0.153448
v 0.176617 0.402274 0.153987
v 0.169506 0.405274 0.157215
v 0.170297 0.404562 0.158360
v 0.170925 0.403416 0.159269
v 0.171327 0.401947 0.159852
v 0.164011 0.404935 0.162318
v 0.164717 0.404217 0.163542
v 0.165276 0.403067 0.164514
v 0.165635 0.401595 0.165137
v 0.158169 0.404574 0.166822
v 0.158784 0.403851 0.168116
v 0.159271 0.402696 0.169143
v 0.159584 0.401222 0.169802
v 0.152024 0.404194 0.170692
v 0.152544 0.403466 0.172046
v 0.152956 0.402306 0.173121
v 0.153220 0.400828 0.173811
v 0.145624 0.403799 0.173900
v 0.146045 0.403064 0.175304
v 0.146378 0.401899 0.176418
v 0.146591 0.400419 0.177133
v 0.139018 0.403391 0.176421
v 0.139336 0.402650 0.177864
v 0.139588 0.401480 0.179009
v 0.139749 0.399997 0.179744
v 0.132255 0.402974 0.178235
v 0.132468 0.402226 0.179706
v 0.132636 0.401051 0.180873
v 0.132744 0.399564 0.181623
v 0.125386 0.402550 0.179329
v 0.125493 0.401795 0.180817
v 0.125577 0.400615 0.181998
v 0.125631 0.399125 0.182756
v -0.113004 0.378775 0.179698
v -0.113004 0.379536 0.181191
v -0.113003 0.380721 0.182375
v -0.113001 0.382214 0.183135
v -0.096830 0.378004 0.179698
v -0.096829 0.378765 0.181191
v -0.096828 0.379950 0.182375
v -0.096827 0.381443 0.183135
v -0.079097 0.377384 0.179698
v -0.079096 0.378145 0.181191
v -0.079095 0.379329 0.182375
v -0.079094 0.380822 0.183135
v -0.060166 0.376927 0.179698
v -0.060166 0.377687 0.181191
v -0.060165 0.378872 0.182375
v -0.060164 0.380364 0.183135
v -0.040423 0.376642 0.179698
v -0.040423 0.377402 0.181191
v -0.040422 0.378587 0.182375
v -0.040421 0.380079 0.183135
v -0.020270 0.376535 0.179698
v -0.020269 0.377296 0.181191
v -0.020268 0.378480 0.182375
v -0.020267 0.379973 0.183135
v -0.000117 0.376609 0.179698
v -0.000116 0.377370 0.181191
v -0.000115 0.378554 0.182375
v -0.000114 0.380047 0.183135
v 0.019627 0.376862 0.179698
v 0.019627 0.377622 0.181191
v 0.019628 0.378807 0.182375
v 0.019630 0.380300 0.183135
v 0.038558 0.377288 0.179698
v 0.038559 0.378049 0.181191
v 0.038560 0.379234 0.182375
v 0.038561 0.380726 0.183135
v 0.056292 0.377880 0.179698
v 0.056293 0.378640 0.181191
v 0.056294 0.379825 0.182375
v 0.056295 0.381318 0.183135
v 0.072468 0.378624 0.179698
v 0.072468 0.379385 0.181191
v 0.072469 0.380570 0.182375
v 0.072470 0.382063 0.183135
v 0.072484 0.399316 0.179698
v 0.072484 0.398555 0.181191
v 0.072483 0.397370 0.182375
v 0.072482 0.395876 0.183135
v 0.056309 0.398571 0.179698
v 0.056308 0.397811 0.181191
v 0.056307 0.396626 0.182375
v 0.056306 0.395133 0.183135
v 0.038575 0.397980 0.179698
v 0.038574 0.397220 0.181191
v 0.038573 0.396035 0.182375
v 0.038572 0.394542 0.183135
v 0.019644 0.397554 0.179698
v 0.019643 0.396793 0.181191
v 0.019642 0.395609 0.182375
v 0.019641 0.394116 0.183135
v -0.000100 0.397301 0.179698
v -0.000100 0.396541 0.181191
v -0.000101 0.395356 0.182375
v -0.000103 0.393864 0.183135
v -0.020253 0.397228 0.179698
v -0.020254 0.396467 0.181191
v -0.020255 0.395283 0.182375
v -0.020256 0.393790 0.183135
v -0.040407 0.397334 0.179698
v -0.040407 0.396574 0.181191
v -0.040408 0.395389 0.182375
v -0.040409 0.393897 0.183135
v -0.060150 0.397619 0.179698
v -0.060150 0.396858 0.181191
v -0.060151 0.395674 0.182375
v -0.060152 0.394181 0.183135
v -0.079080 0.398076 0.179698
v -0.079081 0.397315 0.181191
v -0.079082 0.396131 0.182375
v -0.079083 0.394638 0.183135
v -0.096813 0.398696 0.179698
v -0.096814 0.397935 0.181191
v -0.096815 0.396750 0.182375
v -0.096816 0.395257 0.183135
v -0.112987 0.399467 0.179698
v -0.112988 0.398706 0.181191
v -0.112989 0.397520 0.182375
v -0.112990 0.396027 0.183135
v 0.072470 0.382063 -0.261038
v 0.072469 0.380570 -0.260278
v 0.072468 0.379385 -0.259094
v 0.072467 0.378624 -0.257602
v 0.056295 0.381318 -0.261038
v 0.056294 0.379825 -0.260278
v 0.056293 0.378640 -0.259094
v 0.056292 0.377879 -0.257602
v 0.038561 0.380726 -0.261038
v 0.038560 0.379234 -0.260278
v 0.038559 0.378049 -0.259094
v 0.038558 0.377288 -0.257602
v 0.019629 0.380300 -0.261038
v 0.019628 0.378807 -0.260278
v 0.019627 0.377622 -0.259094
v 0.019627 0.376862 -0.257602
v -0.000114 0.380047 -0.261038
v -0.000115 0.378554 -0.260278
v -0.000116 0.377370 -0.259094
v -0.000117 0.376609 -0.257602
v -0.020267 0.379973 -0.261038
v -0.020269 0.378480 -0.260278
v -0.020270 0.377296 -0.259094
v -0.020270 0.376535 -0.257602
v -0.040421 0.380079 -0.261038
v -0.040422 0.378587 -0.260278
v -0.040423 0.377402 -0.259094
v -0.040424 0.376642 -0.257602
v -0.060164 0.380364 -0.261038
v -0.060165 0.378872 -0.260278
v -0.060166 0.377687 -0.259094
v -0.060167 0.376927 -0.257602
v -0.079094 0.380822 -0.261038
v -0.079096 0.379329 -0.260278
v -0.079097 0.378144 -0.259094
v -0.079097 0.377384 -0.257602
v -0.096827 0.381443 -0.261038
v -0.096829 0.379950 -0.260278
v -0.096829 0.378765 -0.259094
v -0.096830 0.378004 -0.257602
v -0.113002 0.382214 -0.261038
v -0.113003 0.380721 -0.260278
v -0.113004 0.379536 -0.259094
v -0.113004 0.378775 -0.257602
v -0.112990 0.396027 -0.261038
v -0.112989 0.397520 -0.260278
v -0.112988 0.398706 -0.259094
v -0.112988 0.399467 -0.257602
v -0.096816 0.395257 -0.261038
v -0.096815 0.396750 -0.260278
v -0.096814 0.397935 -0.259094
v -0.096813 0.398696 -0.257602
v -0.079083 0.394638 -0.261038
v -0.079082 0.396131 -0.260278
v -0.079081 0.397315 -0.259094
v -0.079080 0.398076 -0.257602
v -0.060153 0.394181 -0.261038
v -0.060151 0.395674 -0.260278
v -0.060150 0.396858 -0.259094
v -0.060150 0.397619 -0.257602
v -0.040410 0.393897 -0.261038
v -0.040408 0.395389 -0.260278
v -0.040407 0.396574 -0.259094
v -0.040407 0.397334 -0.257602
v -0.020256 0.393790 -0.261038
v -0.020255 0.395283 -0.260278
v -0.020254 0.396467 -0.259094
v -0.020253 0.397228 -0.257602
v -0.000103 0.393864 -0.261038
v -0.000101 0.395356 -0.260278
v -0.000101 0.396541 -0.259094
v -0.000100 0.397301 -0.257602
v 0.019641 0.394116 -0.261038
v 0.019642 0.395609 -0.260278
v 0.019643 0.396793 -0.259094
v 0.019644 0.397554 -0.257602
v 0.038572 0.394542 -0.261038
v 0.038573 0.396035 -0.260278
v 0.038574 0.397220 -0.259094
v 0.038575 0.397980 -0.257602
v 0.056306 0.395133 -0.261038
v 0.056307 0.396626 -0.260278
v 0.056308 0.397811 -0.259094
v 0.056309 0.398571 -0.257602
v 0.072481 0.395876 -0.261038
v 0.072483 0.397370 -0.260278
v 0.072484 0.398555 -0.259094
v 0.072484 0.399316 -0.257602
v 0.132854 0.385318 -0.216453
v 0.133971 0.385317 -0.217624
v 0.133004 0.385318 -0.217042
v 0.133412 0.385318 -0.217470
v 0.184519 -0.000137 -0.256684
v 0.183403 -0.000136 -0.255504
v 0.183961 -0.000136 -0.256526
v 0.183552 -0.000136 -0.256094
vn 0.0008 1.0000 0.0003
vn 0.0008 1.0000 -0.0000
vn 0.3124 -0.0735 -0.9471
vn -0.3372 -0.0281 -0.9410
vn -0.2840 -0.0698 -0.9563
vn 0.3267 -0.1457 -0.9338
vn -0.6976 0.0127 -0.7164
vn -0.6823 0.0194 -0.7308
vn -0.8367 0.0335 -0.5466
vn -0.8253 0.0620 -0.5612
vn -0.9721 0.0629 -0.2261
vn -0.9588 0.1190 -0.2579
vn -0.9645 0.0971 0.2457
vn -0.9588 0.1893 0.2116
vn 0.9600 -0.1302 -0.2479
vn 0.9711 -0.0650 -0.2298
vn 0.8322 -0.0766 -0.5492
vn 0.8227 -0.1516 -0.5479
vn 0.6906 -0.0793 -0.7189
vn 0.6836 -0.1567 -0.7128
vn 0.9580 0.1170 -0.2619
vn 0.9717 0.0613 -0.2281
vn 0.8364 0.0321 -0.5472
vn 0.8248 0.0605 -0.5622
vn 0.6981 0.0117 -0.7159
vn 0.6835 0.0187 -0.7297
vn 0.3380 -0.0284 -0.9407
vn 0.2851 -0.0699 -0.9560
vn -0.3056 -0.0727 -0.9494
vn -0.3107 -0.1441 -0.9395
vn 0.0568 0.1919 0.9798
vn 0.0669 0.0969 0.9930
vn 0.2694 0.1081 0.9569
vn 0.2556 0.2156 0.9424
vn 0.5012 0.1160 0.8575
vn 0.4888 0.2326 0.8408
vn 0.6881 0.1171 0.7161
vn 0.6754 0.2350 0.6990
vn 0.8270 0.1127 0.5507
vn 0.8142 0.2258 0.5349
vn 0.9217 0.1042 0.3735
vn 0.9098 0.2078 0.3592
vn 0.9816 0.0884 0.1694
vn 0.9771 0.1743 0.1225
vn -0.8272 0.1140 0.5502
vn -0.8145 0.2270 0.5339
vn -0.6873 0.1182 0.7167
vn -0.6738 0.2360 0.7002
vn -0.3247 0.1097 0.9394
vn -0.2942 0.2197 0.9302
vn 0.3045 0.0723 0.9498
vn 0.3472 0.1369 0.9278
vn -0.9761 -0.0613 0.2084
vn -0.9670 -0.0245 0.2537
vn -0.8296 0.0105 0.5583
vn -0.8407 0.0144 0.5414
vn -0.6934 0.0315 0.7198
vn -0.7125 0.0572 0.6993
vn -0.3160 0.0711 0.9461
vn -0.3709 0.1333 0.9191
vn -0.6904 -0.0780 -0.7193
vn -0.6828 -0.1556 -0.7138
vn -0.8356 -0.0750 -0.5442
vn -0.8303 -0.1496 -0.5369
vn -0.9707 -0.0638 -0.2316
vn -0.9599 -0.1283 -0.2491
vn 0.6870 0.0321 0.7259
vn 0.7020 0.0590 0.7097
vn 0.8299 0.0090 0.5578
vn 0.8415 0.0127 0.5401
vn 0.9673 -0.0260 0.2522
vn 0.9762 -0.0636 0.2073
vn -0.3208 -0.0133 -0.9470
vn -0.6927 -0.0151 -0.7211
vn -0.8337 -0.0150 -0.5520
vn -0.9711 -0.0143 -0.2381
vn -0.3241 -0.0245 0.9457
vn 0.0638 -0.0232 0.9977
vn -0.6921 -0.0236 0.7214
vn -0.8332 -0.0215 0.5525
vn -0.9707 -0.0172 0.2397
vn -0.9986 -0.0520 -0.0000
vn 0.2651 -0.0248 0.9639
vn 0.5013 -0.0255 0.8649
vn 0.6921 -0.0247 0.7214
vn 0.8332 -0.0229 0.5525
vn 0.9280 -0.0203 0.3719
vn 0.9822 -0.0171 0.1871
vn 0.9989 -0.0147 0.0443
vn 0.9990 -0.0015 0.0437
vn 0.3208 -0.0139 -0.9470
vn 0.6926 -0.0162 -0.7211
vn 0.8337 -0.0163 -0.5520
vn 0.9705 -0.0155 -0.2407
vn 0.9971 0.0753 -0.0055
vn 0.3200 -0.0250 0.9471
vn 0.9707 -0.0180 0.2397
vn 0.9711 -0.0151 -0.2381
vn -0.3208 -0.0133 -0.9471
vn 0.3208 -0.0139 -0.9471
vn -0.9712 -0.0136 -0.2381
vn -0.3200 -0.0245 0.9471
vn -0.9707 -0.0164 0.2397
vn 0.9987 -0.0278 0.0424
vn 0.9708 -0.0295 -0.2379
vn 0.6921 -0.0319 -0.7211
vn 0.3162 -0.0274 -0.9483
vn 0.8335 -0.0320 -0.5516
vn -0.9715 -0.0279 -0.2352
vn -0.9722 -0.0334 0.2318
vn -0.3216 -0.0495 0.9456
vn 0.0624 -0.0463 0.9970
vn 0.2637 -0.0495 0.9633
vn -0.3162 -0.0269 -0.9483
vn -0.6922 -0.0308 -0.7211
vn -0.6926 -0.0479 0.7198
vn -0.3175 -0.0494 0.9470
vn 0.9715 -0.0295 -0.2352
vn 0.5010 -0.0507 0.8640
vn -0.8336 -0.0307 -0.5516
vn -0.8339 -0.0437 0.5502
vn 0.6925 -0.0490 0.7198
vn 0.8338 -0.0451 0.5502
vn 0.3174 -0.0499 0.9470
vn 0.9286 -0.0397 0.3690
vn 0.9824 -0.0332 0.1838
vn 0.9721 -0.0349 0.2318
vn -0.0008 -1.0000 -0.0000
vn -0.1789 0.9830 0.0411
vn -0.1613 0.9810 0.1081
vn -0.0850 0.9946 0.0591
vn -0.1012 0.9944 0.0295
vn -0.1257 0.9827 0.1362
vn -0.0710 0.9949 0.0721
vn -0.0209 0.9966 0.0793
vn -0.0462 0.9954 0.0835
vn -0.0686 0.9860 0.1517
vn -0.0183 0.9973 0.0710
vn -0.1000 0.9946 -0.0264
vn -0.1767 0.9834 -0.0420
vn -0.0828 0.9950 -0.0555
vn -0.1565 0.9820 -0.1056
vn 0.0373 0.9958 -0.0841
vn 0.0440 0.9888 -0.1425
vn -0.0418 0.9887 -0.1440
vn -0.0352 0.9957 -0.0852
vn -0.1213 0.9838 -0.1319
vn -0.0688 0.9953 -0.0681
vn 0.0704 0.9953 -0.0663
vn 0.1201 0.9845 -0.1281
vn 0.0033 1.0000 0.0018
vn 0.1670 0.9842 -0.0584
vn 0.0886 0.9959 -0.0170
vn 0.0931 0.9951 -0.0342
vn 0.0838 0.9950 -0.0539
vn 0.1532 0.9829 -0.1019
vn 0.2924 0.1243 -0.9482
vn -0.3264 0.1902 -0.9259
vn -0.2989 0.1881 -0.9356
vn 0.3434 0.1172 -0.9319
vn -0.6775 0.2021 -0.7072
vn -0.6790 0.2021 -0.7058
vn -0.8157 0.1947 -0.5447
vn -0.8201 0.1943 -0.5383
vn -0.9537 0.1664 -0.2507
vn -0.9629 0.1621 -0.2159
vn -0.9702 0.1068 0.2175
vn -0.9616 0.1018 0.2550
vn -0.8382 0.0563 0.5424
vn -0.8268 0.0531 0.5600
vn -0.7010 0.0209 0.7128
vn -0.6838 0.0169 0.7295
vn -0.3493 -0.0484 0.9358
vn -0.2892 -0.0584 0.9555
vn 0.9868 0.1184 0.1101
vn 0.9526 0.1654 -0.2554
vn 0.9618 0.1612 -0.2213
vn 0.9849 0.1163 0.1286
vn 0.8153 0.1935 -0.5457
vn 0.8196 0.1931 -0.5394
vn 0.6789 0.2011 -0.7062
vn 0.6804 0.2010 -0.7047
vn 0.3281 0.1898 -0.9254
vn 0.3006 0.1878 -0.9351
vn -0.2936 0.1247 -0.9478
vn -0.3448 0.1176 -0.9313
vn -0.9626 -0.1092 0.2479
vn -0.9683 -0.1075 0.2255
vn -0.8276 -0.1277 0.5466
vn -0.8250 -0.1279 0.5504
vn -0.6880 -0.1324 0.7135
vn -0.6873 -0.1324 0.7142
vn -0.3143 -0.1231 0.9413
vn -0.3300 -0.1239 0.9358
vn -0.6838 0.0556 -0.7276
vn -0.7017 0.0514 -0.7106
vn -0.8264 0.0170 -0.5628
vn -0.8396 0.0127 -0.5430
vn -0.9636 -0.0424 -0.2638
vn -0.9757 -0.0515 -0.2128
vn 0.3067 -0.1230 0.9438
vn 0.3262 -0.1240 0.9371
vn 0.6867 -0.1336 0.7145
vn 0.6860 -0.1336 0.7152
vn 0.8282 -0.1291 0.5454
vn 0.8255 -0.1292 0.5493
vn 0.9684 -0.1090 0.2243
vn 0.9628 -0.1108 0.2466
vn 0.9639 -0.0443 -0.2625
vn 0.9759 -0.0534 -0.2117
vn 0.8271 0.0154 -0.5619
vn 0.8404 0.0110 -0.5418
vn 0.6826 0.0547 -0.7287
vn 0.7008 0.0504 -0.7116
vn -0.0225 0.9955 0.0918
vn -0.0241 0.9955 0.0918
vn -0.0791 0.9927 0.0916
vn -0.0757 0.9929 0.0916
vn -0.1529 0.9841 0.0908
vn -0.1497 0.9846 0.0908
vn -0.2274 0.9697 0.0894
vn -0.2242 0.9704 0.0895
vn -0.3011 0.9496 0.0876
vn -0.2981 0.9505 0.0876
vn -0.3733 0.9238 0.0852
vn -0.3706 0.9249 0.0853
vn -0.4432 0.8926 0.0823
vn -0.4407 0.8938 0.0824
vn -0.5103 0.8564 0.0790
vn -0.5081 0.8577 0.0791
vn -0.5739 0.8154 0.0752
vn -0.5720 0.8168 0.0753
vn -0.6338 0.7702 0.0710
vn -0.6322 0.7715 0.0711
vn -0.6895 0.7212 0.0665
vn -0.6882 0.7225 0.0666
vn -0.7408 0.6689 0.0616
vn -0.7397 0.6701 0.0617
vn -0.7875 0.6138 0.0566
vn -0.7867 0.6148 0.0566
vn -0.8294 0.5562 0.0512
vn -0.8288 0.5571 0.0513
vn -0.8667 0.4968 0.0458
vn -0.8663 0.4975 0.0458
vn -0.8991 0.4358 0.0401
vn -0.8989 0.4364 0.0402
vn -0.9269 0.3738 0.0344
vn -0.9267 0.3741 0.0344
vn -0.9500 0.3110 0.0286
vn -0.9499 0.3111 0.0286
vn -0.9685 0.2479 0.0228
vn -0.9685 0.2478 0.0228
vn -0.9826 0.1847 0.0170
vn -0.9827 0.1845 0.0169
vn -0.9925 0.1220 0.0112
vn -0.9925 0.1216 0.0111
vn -0.9982 0.0604 0.0055
vn -0.9982 0.0598 0.0054
vn -0.9999 0.0154 0.0013
vn -0.9999 0.0151 0.0013
vn 0.0258 0.9954 0.0918
vn 0.0242 0.9955 0.0918
vn 0.0774 0.9928 0.0916
vn 0.0807 0.9925 0.0916
vn 0.1513 0.9843 0.0908
vn 0.1546 0.9838 0.0908
vn 0.2258 0.9701 0.0895
vn 0.2289 0.9693 0.0894
vn 0.2997 0.9500 0.0876
vn 0.3026 0.9491 0.0876
vn 0.3721 0.9243 0.0853
vn 0.3748 0.9232 0.0852
vn 0.4422 0.8931 0.0824
vn 0.4447 0.8919 0.0823
vn 0.5095 0.8568 0.0791
vn 0.5117 0.8556 0.0790
vn 0.5734 0.8158 0.0753
vn 0.5753 0.8145 0.0752
vn 0.6334 0.7705 0.0711
vn 0.6350 0.7692 0.0710
vn 0.6894 0.7214 0.0666
vn 0.6907 0.7201 0.0665
vn 0.7408 0.6689 0.0617
vn 0.7419 0.6677 0.0616
vn 0.7877 0.6135 0.0566
vn 0.7885 0.6125 0.0566
vn 0.8298 0.5558 0.0513
vn 0.8304 0.5549 0.0512
vn 0.8671 0.4961 0.0458
vn 0.8675 0.4954 0.0458
vn 0.8996 0.4349 0.0402
vn 0.8998 0.4344 0.0401
vn 0.9273 0.3726 0.0344
vn 0.9275 0.3723 0.0344
vn 0.9504 0.3096 0.0286
vn 0.9505 0.3095 0.0286
vn 0.9689 0.2462 0.0228
vn 0.9689 0.2463 0.0228
vn 0.9830 0.1829 0.0169
vn 0.9829 0.1831 0.0170
vn 0.9927 0.1199 0.0111
vn 0.9927 0.1204 0.0112
vn 0.9983 0.0582 0.0054
vn 0.9983 0.0588 0.0055
vn 0.9999 0.0135 0.0013
vn 0.9999 0.0138 0.0013
vn -0.0124 -0.9957 -0.0918
vn -0.0107 -0.9957 -0.0918
vn -0.0640 -0.9937 -0.0917
vn -0.0674 -0.9935 -0.0916
vn -0.1381 -0.9862 -0.0910
vn -0.1417 -0.9857 -0.0909
vn -0.2131 -0.9729 -0.0897
vn -0.2167 -0.9721 -0.0897
vn -0.2877 -0.9537 -0.0880
vn -0.2912 -0.9526 -0.0879
vn -0.3609 -0.9287 -0.0857
vn -0.3643 -0.9273 -0.0856
vn -0.4320 -0.8981 -0.0829
vn -0.4353 -0.8965 -0.0827
vn -0.5004 -0.8621 -0.0796
vn -0.5035 -0.8603 -0.0794
vn -0.5654 -0.8213 -0.0758
vn -0.5683 -0.8193 -0.0756
vn -0.6267 -0.7760 -0.0716
vn -0.6293 -0.7739 -0.0714
vn -0.6837 -0.7267 -0.0671
vn -0.6860 -0.7245 -0.0669
vn -0.7362 -0.6739 -0.0622
vn -0.7383 -0.6717 -0.0620
vn -0.7840 -0.6181 -0.0571
vn -0.7858 -0.6159 -0.0569
vn -0.8270 -0.5599 -0.0517
vn -0.8284 -0.5577 -0.0515
vn -0.8650 -0.4997 -0.0462
vn -0.8662 -0.4976 -0.0460
vn -0.8981 -0.4380 -0.0405
vn -0.8991 -0.4360 -0.0403
vn -0.9263 -0.3751 -0.0347
vn -0.9271 -0.3733 -0.0345
vn -0.9498 -0.3116 -0.0288
vn -0.9503 -0.3099 -0.0287
vn -0.9685 -0.2478 -0.0229
vn -0.9689 -0.2463 -0.0228
vn -0.9828 -0.1841 -0.0171
vn -0.9830 -0.1828 -0.0169
vn -0.9926 -0.1210 -0.0112
vn -0.9927 -0.1198 -0.0111
vn -0.9982 -0.0590 -0.0055
vn -0.9983 -0.0581 -0.0054
vn -0.9999 -0.0138 -0.0014
vn -0.9999 -0.0134 -0.0013
vn 0.0091 -0.9957 -0.0918
vn 0.0107 -0.9957 -0.0918
vn 0.0658 -0.9936 -0.0916
vn 0.0624 -0.9938 -0.0917
vn 0.1401 -0.9860 -0.0909
vn 0.1365 -0.9864 -0.0910
vn 0.2151 -0.9725 -0.0897
vn 0.2115 -0.9732 -0.0898
vn 0.2897 -0.9531 -0.0879
vn 0.2861 -0.9541 -0.0880
vn 0.3629 -0.9279 -0.0856
vn 0.3594 -0.9292 -0.0857
vn 0.4339 -0.8972 -0.0827
vn 0.4306 -0.8987 -0.0829
vn 0.5021 -0.8612 -0.0794
vn 0.4990 -0.8630 -0.0796
vn 0.5670 -0.8203 -0.0756
vn 0.5641 -0.8222 -0.0758
vn 0.6280 -0.7749 -0.0714
vn 0.6254 -0.7770 -0.0716
vn 0.6848 -0.7256 -0.0669
vn 0.6825 -0.7278 -0.0671
vn 0.7372 -0.6729 -0.0620
vn 0.7351 -0.6751 -0.0622
vn 0.7848 -0.6172 -0.0569
vn 0.7830 -0.6194 -0.0571
vn 0.8275 -0.5591 -0.0515
vn 0.8260 -0.5612 -0.0517
vn 0.8654 -0.4990 -0.0460
vn 0.8642 -0.5011 -0.0462
vn 0.8984 -0.4374 -0.0403
vn 0.8974 -0.4394 -0.0405
vn 0.9265 -0.3748 -0.0345
vn 0.9257 -0.3766 -0.0347
vn 0.9498 -0.3115 -0.0287
vn 0.9493 -0.3132 -0.0288
vn 0.9685 -0.2479 -0.0228
vn 0.9681 -0.2494 -0.0229
vn 0.9827 -0.1844 -0.0169
vn 0.9825 -0.1857 -0.0171
vn 0.9925 -0.1214 -0.0111
vn 0.9924 -0.1226 -0.0112
vn 0.9982 -0.0597 -0.0054
vn 0.9981 -0.0607 -0.0055
vn 0.9999 -0.0151 -0.0013
vn 0.9999 -0.0155 -0.0014
vn 0.0058 -0.9958 -0.0918
vn 0.0053 -0.9958 -0.0918
vn 0.0048 -0.9958 -0.0918
vn 0.0047 -0.9958 -0.0918
vn 0.0042 -0.9958 -0.0918
vn 0.0037 -0.9958 -0.0918
vn 0.0033 -0.9958 -0.0918
vn 0.0032 -0.9958 -0.0918
vn 0.0028 -0.9958 -0.0918
vn 0.0024 -0.9958 -0.0918
vn 0.0020 -0.9958 -0.0918
vn 0.0016 -0.9958 -0.0918
vn 0.0012 -0.9958 -0.0918
vn 0.0008 -0.9958 -0.0918
vn 0.0004 -0.9958 -0.0918
vn 0.0001 -0.9958 -0.0918
vn -0.0003 -0.9958 -0.0918
vn -0.0006 -0.9958 -0.0918
vn -0.0010 -0.9958 -0.0918
vn -0.0013 -0.9958 -0.0918
vn -0.0017 -0.9958 -0.0918
vn -0.0021 -0.9958 -0.0918
vn -0.0024 -0.9958 -0.0918
vn -0.0028 -0.9958 -0.0918
vn -0.0032 -0.9958 -0.0918
vn -0.0036 -0.9958 -0.0918
vn -0.0040 -0.9958 -0.0918
vn -0.0044 -0.9958 -0.0918
vn -0.0049 -0.9958 -0.0918
vn -0.0054 -0.9958 -0.0918
vn -0.0053 -0.9958 -0.0918
vn -0.0059 -0.9958 -0.0918
vn -0.0058 -0.9958 -0.0918
vn -0.0064 -0.9958 -0.0918
vn -0.0070 -0.9957 -0.0918
vn -0.0069 -0.9957 -0.0918
vn -0.0074 -0.9957 -0.0918
vn 0.0074 0.9957 0.0918
vn 0.0070 0.9957 0.0918
vn 0.0069 0.9957 0.0918
vn 0.0064 0.9958 0.0918
vn 0.0059 0.9958 0.0918
vn 0.0058 0.9958 0.0918
vn 0.0054 0.9958 0.0918
vn 0.0053 0.9958 0.0918
vn 0.0049 0.9958 0.0918
vn 0.0044 0.9958 0.0918
vn 0.0040 0.9958 0.0918
vn 0.0036 0.9958 0.0918
vn 0.0032 0.9958 0.0918
vn 0.0028 0.9958 0.0918
vn 0.0024 0.9958 0.0918
vn 0.0021 0.9958 0.0918
vn 0.0017 0.9958 0.0918
vn 0.0013 0.9958 0.0918
vn 0.0010 0.9958 0.0918
vn 0.0006 0.9958 0.0918
vn 0.0003 0.9958 0.0918
vn -0.0001 0.9958 0.0918
vn -0.0004 0.9958 0.0918
vn -0.0008 0.9958 0.0918
vn -0.0012 0.9958 0.0918
vn -0.0016 0.9958 0.0918
vn -0.0020 0.9958 0.0918
vn -0.0024 0.9958 0.0918
vn -0.0028 0.9958 0.0918
vn -0.0033 0.9958 0.0918
vn -0.0032 0.9958 0.0918
vn -0.0037 0.9958 0.0918
vn -0.0042 0.9958 0.0918
vn -0.0048 0.9958 0.0918
vn -0.0053 0.9958 0.0918
vn -0.0058 0.9958 0.0918
vn 0.0713 0.0712 -0.9949
vn 0.0712 0.0712 -0.9949
vn 0.0665 0.0712 -0.9952
vn 0.0666 0.0712 -0.9952
vn 0.0605 0.0712 -0.9956
vn 0.0547 0.0713 -0.9960
vn 0.0493 0.0713 -0.9962
vn 0.0441 0.0713 -0.9965
vn 0.0392 0.0713 -0.9967
vn 0.0393 0.0713 -0.9967
vn 0.0346 0.0714 -0.9969
vn 0.0301 0.0714 -0.9970
vn 0.0258 0.0714 -0.9971
vn 0.0216 0.0714 -0.9972
vn 0.0176 0.0714 -0.9973
vn 0.0136 0.0714 -0.9974
vn 0.0097 0.0714 -0.9974
vn 0.0058 0.0714 -0.9974
vn 0.0020 0.0714 -0.9974
vn -0.0019 0.0714 -0.9974
vn -0.0057 0.0714 -0.9974
vn -0.0096 0.0714 -0.9974
vn -0.0135 0.0714 -0.9974
vn -0.0175 0.0714 -0.9973
vn -0.0215 0.0714 -0.9972
vn -0.0257 0.0714 -0.9971
vn -0.0300 0.0714 -0.9970
vn -0.0345 0.0714 -0.9969
vn -0.0391 0.0714 -0.9967
vn -0.0440 0.0714 -0.9965
vn -0.0492 0.0714 -0.9962
vn -0.0546 0.0714 -0.9960
vn -0.0603 0.0713 -0.9956
vn -0.0604 0.0713 -0.9956
vn -0.0664 0.0713 -0.9952
vn -0.0711 0.0713 -0.9949
vn 0.0711 -0.0713 0.9949
vn 0.0664 -0.0713 0.9952
vn 0.0603 -0.0713 0.9956
vn 0.0604 -0.0713 0.9956
vn 0.0546 -0.0714 0.9960
vn 0.0492 -0.0714 0.9962
vn 0.0440 -0.0714 0.9965
vn 0.0391 -0.0714 0.9967
vn 0.0345 -0.0714 0.9969
vn 0.0300 -0.0714 0.9970
vn 0.0257 -0.0714 0.9971
vn 0.0215 -0.0714 0.9972
vn 0.0175 -0.0714 0.9973
vn 0.0135 -0.0714 0.9974
vn 0.0096 -0.0714 0.9974
vn 0.0057 -0.0714 0.9974
vn 0.0019 -0.0714 0.9974
vn -0.0020 -0.0714 0.9974
vn -0.0058 -0.0714 0.9974
vn -0.0097 -0.0714 0.9974
vn -0.0136 -0.0714 0.9974
vn -0.0176 -0.0714 0.9973
vn -0.0216 -0.0714 0.9972
vn -0.0258 -0.0714 0.9971
vn -0.0301 -0.0714 0.9970
vn -0.0346 -0.0714 0.9969
vn -0.0392 -0.0713 0.9967
vn -0.0393 -0.0713 0.9967
vn -0.0441 -0.0713 0.9965
vn -0.0493 -0.0713 0.9962
vn -0.0547 -0.0713 0.9960
vn -0.0605 -0.0712 0.9956
vn -0.0665 -0.0712 0.9952
vn -0.0666 -0.0712 0.9952
vn -0.0712 -0.0712 0.9949
vn -0.0713 -0.0712 0.9949
vn 0.0727 -0.0713 0.9948
vn -0.0728 -0.0712 0.9948
vn 0.0728 0.0712 -0.9948
vn -0.0727 0.0713 -0.9948
vn 1.0000 -0.0008 -0.0000
vn 0.0092 -0.2324 0.9726
vn -0.0093 0.2342 0.9721
vn -0.0212 0.2338 0.9720
vn 0.0034 -0.2319 0.9727
vn -0.0000 -0.0000 1.0000
vn -1.0000 0.0008 -0.0000
vn -0.0000 -0.0000 -1.0000
vn 0.0555 0.9706 0.2344
vn 0.0494 0.8075 0.5878
vn 0.0934 0.8033 0.5882
vn 0.0784 0.9676 0.2399
vn 0.0394 0.5869 0.8087
vn 0.0957 0.5830 0.8068
vn -0.0571 0.5854 -0.8087
vn -0.0315 0.5877 -0.8085
vn -0.0126 0.2343 -0.9721
vn -0.0398 0.2322 -0.9718
vn -0.0513 -0.9707 0.2349
vn -0.0428 -0.9696 0.2409
vn -0.0064 -0.8068 0.5908
vn -0.0388 -0.8074 0.5887
vn -0.0247 -0.5863 0.8097
vn 0.0236 -0.5856 0.8102
vn -0.0537 -0.9709 -0.2336
vn -0.0548 -0.9700 -0.2370
vn -0.0354 -0.9701 -0.2401
vn -0.0100 -0.9713 -0.2377
vn 0.0151 -0.9723 -0.2332
vn 0.0395 -0.9731 -0.2268
vn 0.0631 -0.9738 -0.2185
vn 0.0856 -0.9743 -0.2085
vn 0.1069 -0.9746 -0.1968
vn 0.1267 -0.9748 -0.1835
vn 0.1449 -0.9749 -0.1690
vn 0.1614 -0.9749 -0.1531
vn 0.1762 -0.9749 -0.1363
vn 0.1891 -0.9748 -0.1185
vn 0.2001 -0.9747 -0.0999
vn 0.2092 -0.9745 -0.0807
vn 0.2163 -0.9744 -0.0609
vn 0.2214 -0.9743 -0.0408
vn 0.2244 -0.9743 -0.0205
vn 0.2225 -0.9749 -0.0051
vn 0.2220 -0.9750 0.0042
vn 0.2237 -0.9745 0.0167
vn 0.2217 -0.9746 0.0334
vn 0.2183 -0.9746 0.0499
vn 0.2135 -0.9747 0.0662
vn 0.2074 -0.9748 0.0823
vn 0.2000 -0.9749 0.0979
vn 0.1913 -0.9750 0.1132
vn 0.1812 -0.9751 0.1279
vn 0.1700 -0.9751 0.1421
vn 0.1575 -0.9752 0.1556
vn 0.1438 -0.9752 0.1684
vn 0.1291 -0.9751 0.1803
vn 0.1132 -0.9750 0.1914
vn 0.0964 -0.9747 0.2015
vn 0.0787 -0.9744 0.2105
vn 0.0602 -0.9740 0.2184
vn 0.0410 -0.9735 0.2251
vn 0.0212 -0.9728 0.2306
vn 0.0010 -0.9721 0.2347
vn -0.0196 -0.9712 0.2376
vn 0.1514 0.8004 0.5800
vn 0.1022 0.9665 0.2354
vn 0.1748 0.5803 0.7954
vn 0.0857 0.2309 0.9692
vn 0.1804 0.2297 0.9564
vn 0.0574 -0.2317 0.9711
vn 0.1522 -0.2322 0.9607
vn 0.0510 -0.8087 0.5860
vn 0.1028 -0.5866 0.8033
vn 0.2003 0.7969 0.5699
vn 0.1222 0.9651 0.2316
vn 0.2415 0.5768 0.7804
vn 0.2606 0.2280 0.9381
vn 0.2335 -0.2317 0.9443
vn 0.1014 -0.8093 0.5786
vn 0.1714 -0.5861 0.7919
vn 0.2478 0.7930 0.5565
vn 0.1418 0.9636 0.2265
vn 0.3060 0.5726 0.7606
vn 0.3380 0.2260 0.9136
vn 0.3122 -0.2308 0.9215
vn 0.1509 -0.8092 0.5679
vn 0.2385 -0.5848 0.7753
vn 0.2936 0.7887 0.5402
vn 0.1608 0.9621 0.2202
vn 0.3678 0.5679 0.7364
vn 0.4118 0.2237 0.8834
vn 0.3876 -0.2296 0.8928
vn 0.1991 -0.8085 0.5537
vn 0.3033 -0.5828 0.7539
vn 0.3375 0.7840 0.5210
vn 0.1790 0.9606 0.2128
vn 0.4264 0.5628 0.7081
vn 0.4815 0.2212 0.8481
vn 0.4591 -0.2280 0.8586
vn 0.2457 -0.8074 0.5364
vn 0.3654 -0.5801 0.7280
vn 0.3791 0.7792 0.4992
vn 0.1964 0.9590 0.2043
vn 0.4816 0.5573 0.6764
vn 0.5466 0.2186 0.8084
vn 0.5262 -0.2262 0.8197
vn 0.2904 -0.8058 0.5161
vn 0.4244 -0.5769 0.6979
vn 0.4184 0.7742 0.4750
vn 0.2130 0.9574 0.1948
vn 0.5331 0.5517 0.6414
vn 0.6070 0.2158 0.7648
vn 0.5886 -0.2241 0.7767
vn 0.3329 -0.8038 0.4930
vn 0.4799 -0.5732 0.6641
vn 0.4551 0.7691 0.4487
vn 0.2285 0.9559 0.1844
vn 0.5808 0.5460 0.6038
vn 0.6625 0.2130 0.7181
vn 0.6461 -0.2219 0.7303
vn 0.3731 -0.8015 0.4674
vn 0.5317 -0.5693 0.6271
vn 0.4892 0.7641 0.4205
vn 0.2431 0.9544 0.1732
vn 0.6247 0.5403 0.5638
vn 0.7130 0.2103 0.6689
vn 0.6986 -0.2197 0.6809
vn 0.4106 -0.7989 0.4394
vn 0.5795 -0.5651 0.5872
vn 0.5207 0.7592 0.3906
vn 0.2566 0.9530 0.1613
vn 0.6646 0.5348 0.5218
vn 0.7587 0.2076 0.6175
vn 0.7462 -0.2174 0.6293
vn 0.4454 -0.7963 0.4094
vn 0.6233 -0.5609 0.5448
vn 0.5493 0.7545 0.3592
vn 0.2691 0.9516 0.1486
vn 0.7006 0.5295 0.4782
vn 0.7996 0.2050 0.5645
vn 0.7888 -0.2152 0.5757
vn 0.4773 -0.7935 0.3775
vn 0.6631 -0.5567 0.5004
vn 0.5752 0.7500 0.3265
vn 0.2804 0.9503 0.1354
vn 0.7329 0.5245 0.4333
vn 0.8358 0.2026 0.5102
vn 0.8267 -0.2131 0.5208
vn 0.5063 -0.7908 0.3440
vn 0.6987 -0.5527 0.4542
vn 0.5984 0.7458 0.2927
vn 0.2905 0.9491 0.1216
vn 0.7614 0.5199 0.3873
vn 0.8676 0.2004 0.4550
vn 0.8599 -0.2111 0.4647
vn 0.5323 -0.7881 0.3090
vn 0.7304 -0.5488 0.4066
vn 0.6187 0.7421 0.2580
vn 0.2995 0.9480 0.1074
vn 0.7862 0.5157 0.3404
vn 0.8952 0.1984 0.3991
vn 0.8888 -0.2092 0.4078
vn 0.5553 -0.7856 0.2729
vn 0.7580 -0.5452 0.3579
vn 0.6363 0.7387 0.2225
vn 0.3073 0.9471 0.0928
vn 0.8075 0.5120 0.2928
vn 0.9186 0.1966 0.3427
vn 0.9133 -0.2076 0.3503
vn 0.5752 -0.7833 0.2357
vn 0.7818 -0.5420 0.3082
vn 0.6511 0.7357 0.1863
vn 0.3139 0.9463 0.0778
vn 0.8254 0.5088 0.2447
vn 0.9382 0.1951 0.2859
vn 0.9338 -0.2062 0.2924
vn 0.5921 -0.7813 0.1976
vn 0.8017 -0.5392 0.2578
vn 0.6632 0.7333 0.1497
vn 0.3193 0.9456 0.0626
vn 0.8399 0.5061 0.1962
vn 0.9539 0.1939 0.2290
vn 0.9503 -0.2050 0.2342
vn 0.6059 -0.7795 0.1589
vn 0.8179 -0.5368 0.2069
vn 0.6726 0.7314 0.1126
vn 0.3235 0.9451 0.0471
vn 0.8510 0.5040 0.1474
vn 0.9661 0.1929 0.1718
vn 0.9631 -0.2040 0.1758
vn 0.6166 -0.7782 0.1196
vn 0.8305 -0.5349 0.1555
vn 0.6793 0.7300 0.0752
vn 0.3265 0.9447 0.0315
vn 0.8590 0.5025 0.0984
vn 0.9747 0.1922 0.1146
vn 0.9721 -0.2033 0.1173
vn 0.6242 -0.7772 0.0800
vn 0.8394 -0.5336 0.1038
vn 0.6833 0.7292 0.0377
vn 0.3283 0.9444 0.0158
vn 0.8637 0.5016 0.0492
vn 0.9798 0.1917 0.0573
vn 0.9774 -0.2029 0.0586
vn 0.6288 -0.7765 0.0401
vn 0.8447 -0.5328 0.0520
vn 0.6839 0.7295 0.0094
vn 0.3267 0.9451 0.0039
vn 0.8649 0.5017 0.0123
vn 0.9813 0.1920 0.0143
vn 0.9791 -0.2030 0.0146
vn 0.6295 -0.7770 0.0100
vn 0.8461 -0.5329 0.0130
vn 0.0497 -0.9707 0.2349
vn 0.0375 -0.8075 0.5887
vn 0.0051 -0.8068 0.5908
vn 0.0412 -0.9697 0.2409
vn 0.0237 -0.5864 0.8097
vn -0.0246 -0.5856 0.8102
vn -0.0233 0.5878 -0.8087
vn -0.0093 0.2342 -0.9721
vn -0.0481 0.8076 0.5878
vn -0.0539 0.9707 0.2344
vn -0.0768 0.9677 0.2399
vn -0.0921 0.8035 0.5882
vn -0.0384 0.5870 0.8087
vn -0.0947 0.5832 0.8068
vn 0.0180 -0.9712 0.2376
vn -0.0026 -0.9721 0.2347
vn -0.0228 -0.9728 0.2306
vn -0.0426 -0.9734 0.2251
vn -0.0618 -0.9739 0.2184
vn -0.0803 -0.9743 0.2105
vn -0.0980 -0.9746 0.2015
vn -0.1148 -0.9748 0.1914
vn -0.1306 -0.9749 0.1803
vn -0.1454 -0.9749 0.1684
vn -0.1591 -0.9749 0.1556
vn -0.1716 -0.9749 0.1421
vn -0.1828 -0.9748 0.1279
vn -0.1928 -0.9747 0.1132
vn -0.2016 -0.9746 0.0979
vn -0.2090 -0.9745 0.0823
vn -0.2151 -0.9743 0.0662
vn -0.2198 -0.9743 0.0499
vn -0.2232 -0.9742 0.0334
vn -0.2253 -0.9741 0.0167
vn -0.2236 -0.9747 0.0042
vn -0.2241 -0.9746 -0.0051
vn -0.2260 -0.9739 -0.0205
vn -0.2229 -0.9740 -0.0408
vn -0.2179 -0.9741 -0.0609
vn -0.2108 -0.9742 -0.0807
vn -0.2017 -0.9743 -0.0999
vn -0.1907 -0.9745 -0.1185
vn -0.1778 -0.9746 -0.1363
vn -0.1630 -0.9747 -0.1531
vn -0.1465 -0.9747 -0.1690
vn -0.1282 -0.9746 -0.1835
vn -0.1084 -0.9744 -0.1968
vn -0.0872 -0.9741 -0.2085
vn -0.0647 -0.9737 -0.2185
vn -0.0411 -0.9731 -0.2268
vn -0.0167 -0.9723 -0.2332
vn 0.0084 -0.9713 -0.2377
vn 0.0339 -0.9702 -0.2401
vn 0.0532 -0.9701 -0.2370
vn 0.0521 -0.9709 -0.2336
vn -0.0524 -0.8086 0.5860
vn -0.1037 -0.5865 0.8033
vn -0.0578 -0.2316 0.9711
vn -0.1526 -0.2320 0.9607
vn -0.1006 0.9667 0.2354
vn -0.1501 0.8007 0.5800
vn -0.1738 0.5806 0.7954
vn -0.1800 0.2300 0.9564
vn -0.0853 0.2310 0.9692
vn -0.1027 -0.8091 0.5787
vn -0.1724 -0.5858 0.7919
vn -0.2339 -0.2314 0.9443
vn -0.1207 0.9653 0.2316
vn -0.1990 0.7973 0.5699
vn -0.2406 0.5772 0.7804
vn -0.2603 0.2284 0.9381
vn -0.1522 -0.8089 0.5679
vn -0.2394 -0.5844 0.7753
vn -0.3126 -0.2303 0.9215
vn -0.1402 0.9639 0.2265
vn -0.2465 0.7934 0.5565
vn -0.3051 0.5731 0.7606
vn -0.3376 0.2266 0.9136
vn -0.2004 -0.8082 0.5537
vn -0.3043 -0.5823 0.7539
vn -0.3880 -0.2290 0.8928
vn -0.1592 0.9624 0.2202
vn -0.2923 0.7891 0.5402
vn -0.3669 0.5685 0.7364
vn -0.4114 0.2244 0.8834
vn -0.2470 -0.8070 0.5364
vn -0.3664 -0.5795 0.7280
vn -0.4595 -0.2273 0.8586
vn -0.1774 0.9609 0.2128
vn -0.3362 0.7846 0.5210
vn -0.4255 0.5635 0.7081
vn -0.4811 0.2220 0.8481
vn -0.2917 -0.8053 0.5161
vn -0.4254 -0.5762 0.6979
vn -0.5266 -0.2253 0.8197
vn -0.1949 0.9593 0.2043
vn -0.3778 0.7798 0.4992
vn -0.4807 0.5581 0.6764
vn -0.5463 0.2194 0.8084
vn -0.3342 -0.8032 0.4930
vn -0.4809 -0.5725 0.6641
vn -0.5890 -0.2232 0.7767
vn -0.2114 0.9578 0.1948
vn -0.4171 0.7748 0.4750
vn -0.5322 0.5526 0.6414
vn -0.6067 0.2168 0.7648
vn -0.3744 -0.8009 0.4674
vn -0.5326 -0.5684 0.6271
vn -0.6465 -0.2209 0.7303
vn -0.2270 0.9563 0.1844
vn -0.4539 0.7699 0.4487
vn -0.5799 0.5469 0.6038
vn -0.6621 0.2141 0.7181
vn -0.4119 -0.7983 0.4394
vn -0.5804 -0.5642 0.5872
vn -0.6990 -0.2186 0.6809
vn -0.2416 0.9548 0.1732
vn -0.4880 0.7649 0.4205
vn -0.6238 0.5413 0.5638
vn -0.7127 0.2114 0.6689
vn -0.4467 -0.7955 0.4094
vn -0.6242 -0.5599 0.5448
vn -0.7465 -0.2162 0.6293
vn -0.2551 0.9534 0.1613
vn -0.5194 0.7600 0.3906
vn -0.6637 0.5359 0.5218
vn -0.7583 0.2088 0.6175
vn -0.4786 -0.7927 0.3775
vn -0.6640 -0.5557 0.5004
vn -0.7892 -0.2139 0.5757
vn -0.2675 0.9520 0.1486
vn -0.5481 0.7554 0.3592
vn -0.6998 0.5307 0.4782
vn -0.7992 0.2063 0.5645
vn -0.5076 -0.7899 0.3440
vn -0.6996 -0.5515 0.4542
vn -0.8270 -0.2117 0.5208
vn -0.2788 0.9508 0.1354
vn -0.5740 0.7509 0.3265
vn -0.7320 0.5257 0.4333
vn -0.8355 0.2040 0.5102
vn -0.5336 -0.7872 0.3090
vn -0.7313 -0.5476 0.4066
vn -0.8603 -0.2097 0.4647
vn -0.2890 0.9496 0.1216
vn -0.5971 0.7468 0.2927
vn -0.7605 0.5211 0.3873
vn -0.8673 0.2018 0.4550
vn -0.5566 -0.7847 0.2729
vn -0.7589 -0.5440 0.3579
vn -0.8891 -0.2078 0.4078
vn -0.2979 0.9485 0.1074
vn -0.6175 0.7431 0.2580
vn -0.7854 0.5170 0.3404
vn -0.8949 0.1999 0.3991
vn -0.5765 -0.7824 0.2357
vn -0.7827 -0.5407 0.3082
vn -0.9137 -0.2061 0.3503
vn -0.3057 0.9476 0.0928
vn -0.6351 0.7397 0.2225
vn -0.8067 0.5133 0.2928
vn -0.9183 0.1981 0.3427
vn -0.5934 -0.7803 0.1976
vn -0.8026 -0.5379 0.2578
vn -0.9341 -0.2046 0.2924
vn -0.3123 0.9468 0.0778
vn -0.6499 0.7368 0.1863
vn -0.8246 0.5101 0.2447
vn -0.9379 0.1967 0.2859
vn -0.6071 -0.7786 0.1589
vn -0.8188 -0.5355 0.2069
vn -0.9507 -0.2034 0.2342
vn -0.3178 0.9461 0.0626
vn -0.6620 0.7344 0.1497
vn -0.8390 0.5075 0.1962
vn -0.9536 0.1954 0.2290
vn -0.6178 -0.7772 0.1196
vn -0.8313 -0.5336 0.1555
vn -0.9634 -0.2024 0.1758
vn -0.3220 0.9456 0.0471
vn -0.6714 0.7325 0.1126
vn -0.8502 0.5054 0.1474
vn -0.9657 0.1944 0.1718
vn -0.6255 -0.7761 0.0800
vn -0.8402 -0.5322 0.1038
vn -0.9724 -0.2018 0.1173
vn -0.3250 0.9452 0.0315
vn -0.6781 0.7311 0.0752
vn -0.8582 0.5039 0.0984
vn -0.9743 0.1938 0.1146
vn -0.6301 -0.7755 0.0401
vn -0.8455 -0.5314 0.0520
vn -0.9778 -0.2013 0.0586
vn -0.3268 0.9450 0.0158
vn -0.6821 0.7303 0.0377
vn -0.8629 0.5030 0.0492
vn -0.9795 0.1933 0.0573
vn -0.6308 -0.7759 0.0100
vn -0.8469 -0.5315 0.0130
vn -0.9794 -0.2014 0.0146
vn -0.3252 0.9456 0.0039
vn -0.6827 0.7306 0.0094
vn -0.8641 0.5031 0.0123
vn -0.9810 0.1936 0.0143
vn -0.0351 -0.8071 -0.5894
vn 0.0117 -0.8075 -0.5897
vn -0.0154 -0.5862 -0.8100
vn 0.0488 -0.5861 -0.8087
vn 0.0111 -0.2325 -0.9725
vn 0.0878 -0.2320 -0.9687
vn 0.0864 0.9672 -0.2388
vn 0.1126 0.8024 -0.5860
vn 0.0662 0.8058 -0.5884
vn 0.0673 0.9693 -0.2367
vn 0.1215 0.5823 -0.8039
vn 0.0581 0.5853 -0.8087
vn 0.1163 0.2305 -0.9661
vn 0.0401 0.2322 -0.9718
vn 0.0737 -0.8087 -0.5836
vn 0.1335 -0.5862 -0.7991
vn 0.1886 -0.2318 -0.9543
vn 0.1114 0.9656 -0.2351
vn 0.1733 0.7986 -0.5764
vn 0.2046 0.5785 -0.7896
vn 0.2162 0.2287 -0.9492
vn 0.1348 -0.8089 -0.5723
vn 0.2164 -0.5850 -0.7816
vn 0.2862 -0.2310 -0.9299
vn 0.1358 0.9638 -0.2295
vn 0.2322 0.7940 -0.5618
vn 0.2847 0.5738 -0.7679
vn 0.3124 0.2265 -0.9226
vn 0.1941 -0.8083 -0.5558
vn 0.2963 -0.5827 -0.7567
vn 0.3793 -0.2296 -0.8963
vn 0.1592 0.9619 -0.2220
vn 0.2887 0.7888 -0.5426
vn 0.3610 0.5682 -0.7395
vn 0.4035 0.2237 -0.8872
vn 0.2511 -0.8069 -0.5347
vn 0.3722 -0.5795 -0.7250
vn 0.4666 -0.2276 -0.8547
vn 0.1817 0.9600 -0.2129
vn 0.3423 0.7832 -0.5191
vn 0.4327 0.5619 -0.7050
vn 0.4887 0.2207 -0.8441
vn 0.3051 -0.8048 -0.5090
vn 0.4434 -0.5755 -0.6872
vn 0.5474 -0.2254 -0.8060
vn 0.2028 0.9581 -0.2021
vn 0.3926 0.7772 -0.4917
vn 0.4991 0.5552 -0.6653
vn 0.5670 0.2174 -0.7945
vn 0.3559 -0.8022 -0.4794
vn 0.5092 -0.5708 -0.6441
vn 0.6210 -0.2228 -0.7515
vn 0.2226 0.9562 -0.1900
vn 0.4393 0.7711 -0.4610
vn 0.5601 0.5483 -0.6210
vn 0.6382 0.2141 -0.7395
vn 0.4028 -0.7992 -0.4461
vn 0.5693 -0.5659 -0.5964
vn 0.6872 -0.2201 -0.6923
vn 0.2409 0.9544 -0.1765
vn 0.4821 0.7649 -0.4272
vn 0.6152 0.5414 -0.5731
vn 0.7020 0.2107 -0.6803
vn 0.4457 -0.7960 -0.4096
vn 0.6234 -0.5607 -0.5450
vn 0.7460 -0.2173 -0.6295
vn 0.2576 0.9526 -0.1619
vn 0.5209 0.7589 -0.3908
vn 0.6646 0.5346 -0.5220
vn 0.7585 0.2074 -0.6178
vn 0.4843 -0.7926 -0.3703
vn 0.6714 -0.5556 -0.4904
vn 0.7975 -0.2146 -0.5639
vn 0.2726 0.9509 -0.1462
vn 0.5556 0.7532 -0.3522
vn 0.7082 0.5282 -0.4686
vn 0.8079 0.2043 -0.5528
vn 0.5186 -0.7893 -0.3287
vn 0.7133 -0.5507 -0.4334
vn 0.8419 -0.2121 -0.4962
vn 0.2860 0.9494 -0.1298
vn 0.5861 0.7478 -0.3118
vn 0.7460 0.5222 -0.4132
vn 0.8504 0.2015 -0.4860
vn 0.5483 -0.7862 -0.2852
vn 0.7493 -0.5462 -0.3744
vn 0.8796 -0.2097 -0.4271
vn 0.2976 0.9480 -0.1125
vn 0.6125 0.7430 -0.2698
vn 0.7784 0.5169 -0.3563
vn 0.8864 0.1989 -0.4180
vn 0.5735 -0.7833 -0.2399
vn 0.7794 -0.5422 -0.3139
vn 0.9108 -0.2077 -0.3569
vn 0.3074 0.9468 -0.0947
vn 0.6347 0.7388 -0.2266
vn 0.8054 0.5122 -0.2983
vn 0.9162 0.1967 -0.3492
vn 0.5941 -0.7808 -0.1934
vn 0.8038 -0.5387 -0.2523
vn 0.9358 -0.2059 -0.2861
vn 0.3155 0.9458 -0.0763
vn 0.6529 0.7352 -0.1824
vn 0.8272 0.5083 -0.2395
vn 0.9401 0.1948 -0.2798
vn 0.6101 -0.7788 -0.1459
vn 0.8226 -0.5360 -0.1899
vn 0.9550 -0.2045 -0.2149
vn 0.3218 0.9451 -0.0576
vn 0.6669 0.7324 -0.1374
vn 0.8440 0.5052 -0.1801
vn 0.9584 0.1933 -0.2100
vn 0.6215 -0.7773 -0.0977
vn 0.8359 -0.5340 -0.1269
vn 0.9685 -0.2035 -0.1434
vn 0.3263 0.9445 -0.0385
vn 0.6769 0.7303 -0.0919
vn 0.8559 0.5029 -0.1203
vn 0.9713 0.1923 -0.1401
vn 0.6283 -0.7764 -0.0490
vn 0.8439 -0.5328 -0.0635
vn 0.9766 -0.2029 -0.0717
vn 0.3290 0.9441 -0.0193
vn 0.6829 0.7291 -0.0460
vn 0.8630 0.5015 -0.0602
vn 0.9790 0.1917 -0.0701
vn 0.6296 -0.7768 -0.0122
vn 0.8461 -0.5328 -0.0159
vn 0.9790 -0.2029 -0.0179
vn 0.3272 0.9449 -0.0048
vn 0.6840 0.7294 -0.0115
vn 0.8650 0.5016 -0.0150
vn 0.9813 0.1919 -0.0175
vn -0.6309 -0.7758 -0.0122
vn -0.6296 -0.7754 -0.0490
vn -0.8469 -0.5314 -0.0159
vn -0.8447 -0.5314 -0.0635
vn -0.9794 -0.2013 -0.0179
vn -0.9769 -0.2013 -0.0717
vn -0.3274 0.9447 -0.0193
vn -0.6817 0.7302 -0.0460
vn -0.6828 0.7305 -0.0115
vn -0.3257 0.9455 -0.0048
vn -0.8622 0.5030 -0.0602
vn -0.8641 0.5030 -0.0150
vn -0.9786 0.1932 -0.0701
vn -0.9809 0.1935 -0.0175
vn -0.6227 -0.7763 -0.0977
vn -0.8368 -0.5326 -0.1269
vn -0.9688 -0.2020 -0.1434
vn -0.3247 0.9450 -0.0385
vn -0.6757 0.7314 -0.0919
vn -0.8551 0.5043 -0.1202
vn -0.9710 0.1939 -0.1401
vn -0.6113 -0.7778 -0.1459
vn -0.8235 -0.5346 -0.1899
vn -0.9553 -0.2030 -0.2149
vn -0.3203 0.9456 -0.0576
vn -0.6657 0.7334 -0.1374
vn -0.8432 0.5065 -0.1801
vn -0.9581 0.1949 -0.2100
vn -0.5953 -0.7798 -0.1934
vn -0.8047 -0.5374 -0.2523
vn -0.9361 -0.2044 -0.2861
vn -0.3140 0.9464 -0.0763
vn -0.6517 0.7363 -0.1824
vn -0.8264 0.5096 -0.2395
vn -0.9398 0.1963 -0.2798
vn -0.5748 -0.7824 -0.2399
vn -0.7803 -0.5409 -0.3139
vn -0.9111 -0.2062 -0.3569
vn -0.3059 0.9473 -0.0947
vn -0.6335 0.7398 -0.2266
vn -0.8046 0.5135 -0.2983
vn -0.9159 0.1982 -0.3492
vn -0.5496 -0.7853 -0.2852
vn -0.7502 -0.5450 -0.3744
vn -0.8799 -0.2083 -0.4271
vn -0.2961 0.9485 -0.1125
vn -0.6113 0.7440 -0.2698
vn -0.7776 0.5181 -0.3563
vn -0.8861 0.2003 -0.4180
vn -0.5199 -0.7885 -0.3287
vn -0.7142 -0.5496 -0.4334
vn -0.8423 -0.2107 -0.4962
vn -0.2844 0.9499 -0.1298
vn -0.5849 0.7488 -0.3118
vn -0.7452 0.5234 -0.4132
vn -0.8501 0.2028 -0.4860
vn -0.4856 -0.7918 -0.3703
vn -0.6723 -0.5545 -0.4904
vn -0.7978 -0.2133 -0.5639
vn -0.2711 0.9514 -0.1462
vn -0.5543 0.7541 -0.3522
vn -0.7073 0.5293 -0.4686
vn -0.8076 0.2056 -0.5528
vn -0.4470 -0.7953 -0.4096
vn -0.6243 -0.5597 -0.5450
vn -0.7464 -0.2161 -0.6295
vn -0.2560 0.9530 -0.1619
vn -0.5197 0.7597 -0.3908
vn -0.6637 0.5357 -0.5220
vn -0.7582 0.2086 -0.6178
vn -0.4041 -0.7986 -0.4461
vn -0.5702 -0.5649 -0.5964
vn -0.6876 -0.2190 -0.6923
vn -0.2393 0.9548 -0.1765
vn -0.4808 0.7657 -0.4272
vn -0.6144 0.5424 -0.5731
vn -0.7017 0.2118 -0.6803
vn -0.3572 -0.8017 -0.4794
vn -0.5101 -0.5700 -0.6441
vn -0.6213 -0.2218 -0.7515
vn -0.2210 0.9566 -0.1900
vn -0.4380 0.7718 -0.4610
vn -0.5592 0.5492 -0.6211
vn -0.6379 0.2151 -0.7395
vn -0.3064 -0.8043 -0.5090
vn -0.4443 -0.5747 -0.6872
vn -0.5477 -0.2245 -0.8060
vn -0.2013 0.9585 -0.2021
vn -0.3914 0.7778 -0.4917
vn -0.4982 0.5560 -0.6653
vn -0.5667 0.2183 -0.7945
vn -0.2524 -0.8065 -0.5347
vn -0.3732 -0.5789 -0.7250
vn -0.4670 -0.2269 -0.8547
vn -0.1801 0.9603 -0.2129
vn -0.3411 0.7837 -0.5191
vn -0.4317 0.5626 -0.7050
vn -0.4883 0.2215 -0.8441
vn -0.1954 -0.8080 -0.5558
vn -0.2973 -0.5823 -0.7567
vn -0.3797 -0.2289 -0.8964
vn -0.1577 0.9622 -0.2220
vn -0.2875 0.7893 -0.5426
vn -0.3601 0.5687 -0.7395
vn -0.4032 0.2244 -0.8872
vn -0.1361 -0.8087 -0.5723
vn -0.2174 -0.5847 -0.7816
vn -0.2866 -0.2305 -0.9299
vn -0.1342 0.9640 -0.2295
vn -0.2309 0.7944 -0.5618
vn -0.2838 0.5742 -0.7679
vn -0.3120 0.2270 -0.9226
vn -0.0750 -0.8086 -0.5836
vn -0.1345 -0.5860 -0.7991
vn -0.1889 -0.2315 -0.9543
vn -0.1099 0.9657 -0.2351
vn -0.1720 0.7989 -0.5764
vn -0.2036 0.5789 -0.7896
vn -0.2158 0.2291 -0.9492
vn -0.0130 -0.8075 -0.5897
vn -0.0497 -0.5861 -0.8087
vn -0.0882 -0.2319 -0.9687
vn -0.0849 0.9674 -0.2388
vn -0.1113 0.8026 -0.5860
vn -0.1206 0.5825 -0.8039
vn -0.1159 0.2307 -0.9661
vn 0.0338 -0.8072 -0.5894
vn 0.0144 -0.5863 -0.8100
vn -0.0115 -0.2324 -0.9725
vn -0.0657 0.9694 -0.2367
vn -0.0649 0.8060 -0.5884
vn -0.0323 -0.5866 -0.8092
vn -0.0446 -0.8077 -0.5879
vn -0.0038 -0.2319 0.9727
vn -0.0242 -0.5869 -0.8093
vn -0.0096 -0.2324 -0.9726
vn -0.0127 -0.2322 -0.9726
vn -0.0334 -0.8082 -0.5880
vn -0.0402 -0.9715 -0.2336
vn -0.0096 -0.2324 0.9726
vn -0.0242 -0.5869 0.8093
vn -0.0334 -0.8082 0.5880
vn -0.0402 -0.9715 0.2336
vn -0.0173 -0.5872 -0.8093
vn -0.0068 -0.2326 -0.9726
vn -0.0239 -0.8085 -0.5881
vn -0.0287 -0.9719 -0.2336
vn -0.0068 -0.2326 0.9726
vn -0.0173 -0.5872 0.8093
vn -0.0239 -0.8085 0.5881
vn -0.0287 -0.9719 0.2336
vn -0.0113 -0.5873 -0.8093
vn -0.0045 -0.2327 -0.9725
vn -0.0156 -0.8087 -0.5881
vn -0.0188 -0.9721 -0.2336
vn -0.0045 -0.2327 0.9725
vn -0.0113 -0.5873 0.8093
vn -0.0156 -0.8087 0.5881
vn -0.0188 -0.9721 0.2336
vn -0.0058 -0.5874 -0.8093
vn -0.0023 -0.2328 -0.9725
vn -0.0080 -0.8088 -0.5881
vn -0.0096 -0.9723 -0.2336
vn -0.0023 -0.2328 0.9725
vn -0.0058 -0.5874 0.8093
vn -0.0080 -0.8088 0.5881
vn -0.0096 -0.9723 0.2336
vn -0.0005 -0.5874 -0.8093
vn -0.0002 -0.2328 -0.9725
vn -0.0007 -0.8088 -0.5881
vn -0.0008 -0.9723 -0.2336
vn -0.0002 -0.2328 0.9725
vn -0.0005 -0.5874 0.8093
vn -0.0007 -0.8088 0.5881
vn -0.0008 -0.9723 0.2336
vn 0.0048 -0.5874 -0.8093
vn 0.0019 -0.2328 -0.9725
vn 0.0067 -0.8088 -0.5881
vn 0.0080 -0.9723 -0.2336
vn 0.0019 -0.2328 0.9725
vn 0.0048 -0.5874 0.8093
vn 0.0067 -0.8088 0.5881
vn 0.0080 -0.9723 0.2336
vn 0.0104 -0.5873 -0.8093
vn 0.0041 -0.2327 -0.9725
vn 0.0143 -0.8087 -0.5881
vn 0.0172 -0.9722 -0.2336
vn 0.0041 -0.2327 0.9725
vn 0.0104 -0.5873 0.8093
vn 0.0143 -0.8087 0.5881
vn 0.0172 -0.9722 0.2336
vn 0.0164 -0.5872 -0.8093
vn 0.0065 -0.2326 -0.9726
vn 0.0226 -0.8085 -0.5881
vn 0.0272 -0.9719 -0.2336
vn 0.0065 -0.2326 0.9726
vn 0.0164 -0.5872 0.8093
vn 0.0226 -0.8085 0.5881
vn 0.0272 -0.9719 0.2336
vn 0.0233 -0.5870 -0.8093
vn 0.0092 -0.2324 -0.9726
vn 0.0321 -0.8082 -0.5880
vn 0.0386 -0.9716 -0.2336
vn 0.0233 -0.5870 0.8093
vn 0.0321 -0.8082 0.5880
vn 0.0386 -0.9716 0.2336
vn 0.0314 -0.5867 -0.8092
vn 0.0124 -0.2322 -0.9726
vn 0.0432 -0.8078 -0.5879
vn 0.0130 0.2343 -0.9721
vn -0.0520 0.9711 -0.2331
vn 0.0097 0.2342 -0.9721
vn -0.0433 0.8083 -0.5872
vn -0.0385 0.9717 0.2332
vn -0.0385 0.9717 -0.2332
vn -0.0321 0.8086 -0.5874
vn -0.0233 0.5878 0.8087
vn -0.0066 0.2341 0.9722
vn -0.0321 0.8086 0.5874
vn -0.0164 0.5879 -0.8088
vn -0.0066 0.2341 -0.9722
vn -0.0271 0.9720 0.2333
vn -0.0271 0.9720 -0.2333
vn -0.0226 0.8089 -0.5875
vn -0.0164 0.5879 0.8088
vn -0.0041 0.2341 0.9722
vn -0.0226 0.8089 0.5875
vn -0.0104 0.5880 -0.8088
vn -0.0041 0.2341 -0.9722
vn -0.0172 0.9723 0.2333
vn -0.0172 0.9723 -0.2333
vn -0.0143 0.8090 -0.5876
vn -0.0104 0.5880 0.8088
vn -0.0019 0.2340 0.9722
vn -0.0143 0.8090 0.5876
vn -0.0048 0.5880 -0.8089
vn -0.0019 0.2340 -0.9722
vn -0.0080 0.9724 0.2333
vn -0.0080 0.9724 -0.2333
vn -0.0067 0.8091 -0.5876
vn -0.0048 0.5880 0.8089
vn 0.0002 0.2340 0.9722
vn -0.0067 0.8091 0.5876
vn 0.0005 0.5880 -0.8089
vn 0.0002 0.2340 -0.9722
vn 0.0008 0.9724 0.2333
vn 0.0008 0.9724 -0.2333
vn 0.0007 0.8091 -0.5876
vn 0.0005 0.5880 0.8089
vn 0.0023 0.2340 0.9722
vn 0.0007 0.8091 0.5876
vn 0.0058 0.5880 -0.8089
vn 0.0023 0.2340 -0.9722
vn 0.0096 0.9724 0.2333
vn 0.0096 0.9724 -0.2333
vn 0.0080 0.8091 -0.5876
vn 0.0058 0.5880 0.8089
vn 0.0045 0.2341 0.9722
vn 0.0080 0.8091 0.5876
vn 0.0113 0.5879 -0.8088
vn 0.0045 0.2341 -0.9722
vn 0.0187 0.9722 0.2333
vn 0.0187 0.9722 -0.2333
vn 0.0156 0.8090 -0.5876
vn 0.0113 0.5879 0.8088
vn 0.0069 0.2341 0.9722
vn 0.0156 0.8090 0.5876
vn 0.0174 0.5879 -0.8088
vn 0.0069 0.2341 -0.9722
vn 0.0287 0.9720 0.2333
vn 0.0287 0.9720 -0.2333
vn 0.0239 0.8088 -0.5875
vn 0.0174 0.5879 0.8088
vn 0.0097 0.2342 0.9721
vn 0.0239 0.8088 0.5875
vn 0.0243 0.5878 -0.8087
vn 0.0401 0.9716 0.2332
vn 0.0401 0.9716 -0.2332
vn 0.0334 0.8086 -0.5874
vn 0.0243 0.5878 0.8087
vn 0.0216 0.2338 0.9720
vn 0.0334 0.8086 0.5874
vn 0.0324 0.5876 -0.8085
vn 0.0536 0.9710 -0.2331
vn 0.0446 0.8082 -0.5872
vn 0.8618 0.0620 0.5034
vn 0.8848 0.0694 0.4608
vn 0.4916 -0.0237 0.8705
vn 0.5392 -0.0146 0.8420
vn 0.1165 -0.0849 0.9896
vn 0.1420 -0.0813 0.9865
vn -0.0122 -0.1023 0.9947
vt 0.157352 0.225695
vt 0.156967 0.225541
vt 0.156652 0.225342
vt 0.156368 0.225093
vt 0.156188 0.216791
vt 0.156246 0.216487
vt 0.156406 0.216206
vt 0.156651 0.215963
vt 0.156967 0.215763
vt 0.157353 0.215607
vt 0.157801 0.215505
vt 0.172806 0.215578
vt 0.173191 0.215732
vt 0.173507 0.215931
vt 0.173752 0.216174
vt 0.173752 0.225067
vt 0.173533 0.225315
vt 0.173191 0.225510
vt 0.172806 0.225666
vt 0.144839 0.669970
vt 0.144871 0.661086
vt 0.145124 0.660832
vt 0.145460 0.660621
vt 0.145863 0.660461
vt 0.161301 0.660461
vt 0.161702 0.660621
vt 0.162037 0.660832
vt 0.162288 0.661086
vt 0.162256 0.669970
vt 0.162003 0.670223
vt 0.161667 0.670435
vt 0.161264 0.670594
vt 0.145826 0.670594
vt 0.145425 0.670435
vt 0.145090 0.670223
vt 0.346912 0.652318
vt 0.347102 0.638735
vt 0.605241 0.644978
vt 0.605153 0.651314
vt 0.984389 0.757620
vt 0.721949 0.737183
vt 0.721909 0.736881
vt 0.984349 0.757317
vt 0.721869 0.736560
vt 0.984309 0.756997
vt 0.721833 0.736237
vt 0.984273 0.756673
vt 0.720362 0.718149
vt 0.983582 0.748177
vt 0.605154 0.652261
vt 0.346913 0.653265
vt 0.346911 0.652948
vt 0.605153 0.651944
vt 0.346911 0.652627
vt 0.605152 0.651623
vt 0.983425 0.856297
vt 0.721107 0.877453
vt 0.721144 0.877136
vt 0.983461 0.855993
vt 0.721182 0.876817
vt 0.983497 0.855691
vt 0.721220 0.876509
vt 0.983534 0.855394
vt 0.723051 0.862990
vt 0.984389 0.849081
vt 0.605103 0.600942
vt 0.345501 0.607867
vt 0.345497 0.607646
vt 0.605099 0.600715
vt 0.345494 0.607377
vt 0.605096 0.600445
vt 0.345493 0.607074
vt 0.605094 0.600153
vt 0.345493 0.606752
vt 0.605094 0.599849
vt 0.345494 0.606427
vt 0.605096 0.599536
vt 0.345497 0.606116
vt 0.605098 0.599223
vt 0.605235 0.627739
vt 0.347135 0.631540
vt 0.347138 0.631240
vt 0.605238 0.627439
vt 0.347140 0.630926
vt 0.605240 0.627125
vt 0.347141 0.630613
vt 0.605241 0.626812
vt 0.347067 0.615167
vt 0.605207 0.619607
vt 0.984389 0.801672
vt 0.722435 0.780738
vt 0.722401 0.780440
vt 0.984356 0.801384
vt 0.722364 0.780127
vt 0.984322 0.801089
vt 0.722327 0.779815
vt 0.984273 0.800769
vt 0.720390 0.764815
vt 0.983409 0.793986
vt 0.605015 0.581053
vt 0.347859 0.578998
vt 0.347852 0.578695
vt 0.604997 0.580772
vt 0.347848 0.578373
vt 0.605004 0.580457
vt 0.347847 0.578049
vt 0.605004 0.580144
vt 0.983102 0.818312
vt 0.720481 0.841885
vt 0.720516 0.841583
vt 0.983137 0.818009
vt 0.720555 0.841262
vt 0.983175 0.817688
vt 0.720595 0.840939
vt 0.983216 0.817365
vt 0.723093 0.822848
vt 0.984389 0.808868
vt 0.303175 0.579278
vt 0.303168 0.578974
vt 0.303164 0.578653
vt 0.303163 0.578328
vt 0.677783 0.782596
vt 0.675847 0.767596
vt 0.677821 0.782907
vt 0.677858 0.783221
vt 0.677891 0.783519
vt 0.348342 0.560117
vt 0.347849 0.577738
vt 0.303669 0.560214
vt 0.348353 0.559934
vt 0.300795 0.607867
vt 0.300790 0.607646
vt 0.300787 0.607377
vt 0.300786 0.607074
vt 0.300786 0.606752
vt 0.300787 0.606427
vt 0.300790 0.606116
vt 0.300793 0.605834
vt 0.345500 0.605834
vt 0.676681 0.873696
vt 0.678512 0.860177
vt 0.676643 0.874004
vt 0.676605 0.874323
vt 0.676568 0.874640
vt 0.345798 0.588432
vt 0.301097 0.588248
vt 0.345804 0.588248
vt 0.675943 0.839083
vt 0.675978 0.838781
vt 0.676017 0.838460
vt 0.676057 0.838137
vt 0.678555 0.820046
vt 0.302392 0.638735
vt 0.302202 0.652318
vt 0.302202 0.652627
vt 0.302202 0.652948
vt 0.302204 0.653265
vt 0.677434 0.739998
vt 0.677394 0.739696
vt 0.677354 0.739376
vt 0.677318 0.739052
vt 0.302432 0.630509
vt 0.302358 0.615063
vt 0.302430 0.630822
vt 0.302428 0.631136
vt 0.302425 0.631436
vt 0.675847 0.720965
vt 0.021366 0.602969
vt 0.021511 0.594617
vt 0.022659 0.651856
vt 0.022659 0.651709
vt 0.398222 0.855950
vt 0.398240 0.855800
vt 0.024001 0.580602
vt 0.024242 0.571998
vt 0.399205 0.801233
vt 0.398285 0.794109
vt 0.022659 0.652008
vt 0.021367 0.603935
vt 0.021365 0.603830
vt 0.024007 0.581053
vt 0.024003 0.580909
vt 0.022658 0.631248
vt 0.022659 0.631100
vt 0.022660 0.652159
vt 0.021363 0.603702
vt 0.024002 0.580756
vt 0.022657 0.631397
vt 0.021363 0.603558
vt 0.022656 0.631540
vt 0.021363 0.603405
vt 0.605241 0.590989
vt 0.399270 0.757170
vt 0.398572 0.748580
vt 0.022749 0.645258
vt 0.398018 0.817909
vt 0.398035 0.817765
vt 0.021363 0.603251
vt 0.398053 0.817613
vt 0.021365 0.603103
vt 0.399325 0.757620
vt 0.399306 0.757476
vt 0.398072 0.817459
vt 0.399288 0.757324
vt 0.399259 0.808868
vt 0.398276 0.855502
vt 0.399146 0.849081
vt 0.399222 0.801381
vt 0.399240 0.801530
vt 0.605241 0.571627
vt 0.398258 0.855648
vt 0.399256 0.801672
vt 0.022624 0.623764
vt 0.162288 0.678089
vt 0.162288 0.687161
vt 0.162168 0.687282
vt 0.162009 0.687383
vt 0.161818 0.687459
vt 0.146639 0.687521
vt 0.146415 0.687505
vt 0.146202 0.687458
vt 0.146011 0.687382
vt 0.145852 0.687281
vt 0.145732 0.687160
vt 0.145658 0.687025
vt 0.145633 0.686883
vt 0.145732 0.678088
vt 0.145852 0.677967
vt 0.146011 0.677866
vt 0.146202 0.677790
vt 0.161818 0.677792
vt 0.162009 0.677868
vt 0.162168 0.677969
vt 0.129658 0.224874
vt 0.129657 0.215802
vt 0.129776 0.215681
vt 0.129936 0.215580
vt 0.130127 0.215505
vt 0.145743 0.215505
vt 0.145933 0.215580
vt 0.146093 0.215681
vt 0.146213 0.215802
vt 0.146214 0.224874
vt 0.146094 0.224995
vt 0.145935 0.225096
vt 0.145744 0.225172
vt 0.130128 0.225172
vt 0.129937 0.225096
vt 0.129778 0.224995
vt 0.157352 0.208309
vt 0.156968 0.208155
vt 0.157044 0.208067
vt 0.157368 0.208193
vt 0.156652 0.207956
vt 0.156795 0.207910
vt 0.156369 0.207132
vt 0.156593 0.207704
vt 0.156406 0.207713
vt 0.156188 0.207128
vt 0.172784 0.208164
vt 0.172806 0.208280
vt 0.173110 0.208036
vt 0.173191 0.208124
vt 0.173560 0.198804
vt 0.173752 0.198788
vt 0.173752 0.207681
vt 0.173559 0.207674
vt 0.173507 0.207924
vt 0.173359 0.207879
vt 0.173359 0.198599
vt 0.173507 0.198544
vt 0.156162 0.198742
vt 0.156287 0.198404
vt 0.156629 0.198156
vt 0.157096 0.198065
vt 0.172806 0.198192
vt 0.171876 0.198176
vt 0.172785 0.198316
vt 0.173110 0.198442
vt 0.173191 0.198345
vt 0.150057 0.344326
vt 0.150090 0.335443
vt 0.150343 0.335189
vt 0.150679 0.334977
vt 0.151081 0.334818
vt 0.166520 0.334818
vt 0.166921 0.334977
vt 0.167256 0.335189
vt 0.167507 0.335443
vt 0.167475 0.344326
vt 0.167221 0.344580
vt 0.166885 0.344792
vt 0.166483 0.344951
vt 0.151045 0.344951
vt 0.150644 0.344792
vt 0.150309 0.344580
vt 0.077891 0.874813
vt 0.074185 0.861484
vt 0.386044 0.861484
vt 0.387772 0.867697
vt 0.387877 0.818327
vt 0.080921 0.827948
vt 0.080912 0.827645
vt 0.387868 0.818024
vt 0.080906 0.827323
vt 0.387862 0.817701
vt 0.080903 0.826998
vt 0.387859 0.817377
vt 0.081298 0.808868
vt 0.388044 0.808868
vt 0.363925 0.396662
vt 0.054305 0.396662
vt 0.054377 0.396367
vt 0.363997 0.396367
vt 0.054453 0.396057
vt 0.364072 0.396057
vt 0.054526 0.395749
vt 0.364146 0.395749
vt 0.294475 0.438657
vt 0.289545 0.420751
vt 0.601409 0.420751
vt 0.603715 0.429177
vt 0.388044 0.897478
vt 0.082266 0.897478
vt 0.082260 0.897161
vt 0.388038 0.897173
vt 0.082254 0.896839
vt 0.388033 0.896870
vt 0.082250 0.896531
vt 0.388029 0.896572
vt 0.082219 0.882936
vt 0.388014 0.890229
vt 0.365760 0.373303
vt 0.060233 0.373303
vt 0.060228 0.373003
vt 0.365755 0.373014
vt 0.060222 0.372689
vt 0.365749 0.372718
vt 0.060215 0.372376
vt 0.365743 0.372417
vt 0.385643 0.783490
vt 0.075388 0.783490
vt 0.075460 0.783191
vt 0.385712 0.783202
vt 0.075539 0.782874
vt 0.385787 0.782904
vt 0.075623 0.782556
vt 0.385867 0.782596
vt 0.080825 0.764815
vt 0.388311 0.774262
vt 0.058036 0.380499
vt 0.365782 0.388641
vt 0.388044 0.854289
vt 0.083539 0.854289
vt 0.083530 0.853986
vt 0.388035 0.853986
vt 0.083522 0.853664
vt 0.388027 0.853664
vt 0.083516 0.853339
vt 0.388021 0.853339
vt 0.083387 0.835144
vt 0.387961 0.844799
vt 0.388044 0.868624
vt 0.078163 0.875740
vt 0.078071 0.875430
vt 0.387952 0.868313
vt 0.077979 0.875116
vt 0.387860 0.867999
vt 0.139808 0.282519
vt 0.139771 0.289894
vt 0.135535 0.290113
vt 0.135571 0.282738
vt 0.131340 0.290339
vt 0.131377 0.282963
vt 0.127208 0.290570
vt 0.127244 0.283195
vt 0.123160 0.290808
vt 0.123196 0.283432
vt 0.119217 0.291049
vt 0.119254 0.283673
vt 0.115402 0.291293
vt 0.115438 0.283917
vt 0.111734 0.291538
vt 0.111770 0.284163
vt 0.108235 0.291784
vt 0.108271 0.284409
vt 0.104924 0.292029
vt 0.104960 0.284654
vt 0.101819 0.292272
vt 0.101856 0.284897
vt 0.098939 0.292511
vt 0.098975 0.285136
vt 0.096298 0.292745
vt 0.096334 0.285370
vt 0.127399 0.305561
vt 0.126751 0.299941
vt 0.130244 0.300968
vt 0.130893 0.306587
vt 0.133926 0.301880
vt 0.134574 0.307499
vt 0.137773 0.302673
vt 0.138422 0.308292
vt 0.141767 0.303343
vt 0.142415 0.308963
vt 0.145883 0.303888
vt 0.146532 0.309508
vt 0.150100 0.304306
vt 0.150749 0.309926
vt 0.154396 0.304596
vt 0.155044 0.310215
vt 0.158747 0.304757
vt 0.159396 0.310377
vt 0.163133 0.304792
vt 0.163781 0.310412
vt 0.167531 0.304705
vt 0.168180 0.310324
vt 0.361782 0.289735
vt 0.361818 0.282360
vt 0.366078 0.282572
vt 0.366042 0.289948
vt 0.370343 0.282792
vt 0.370307 0.290167
vt 0.374592 0.283018
vt 0.374555 0.290393
vt 0.378804 0.283249
vt 0.378767 0.290624
vt 0.382957 0.283484
vt 0.382921 0.290860
vt 0.387030 0.283723
vt 0.386994 0.291098
vt 0.391000 0.283963
vt 0.390964 0.291338
vt 0.394846 0.284204
vt 0.394810 0.291579
vt 0.398547 0.284443
vt 0.398510 0.291819
vt 0.402081 0.284681
vt 0.402045 0.292057
vt 0.405429 0.284916
vt 0.405393 0.292291
vt 0.408573 0.285146
vt 0.408537 0.292521
vt 0.411496 0.285370
vt 0.411460 0.292745
vt 0.134771 0.323293
vt 0.134918 0.317608
vt 0.138751 0.318655
vt 0.138604 0.324340
vt 0.142733 0.319563
vt 0.142586 0.325248
vt 0.146841 0.320328
vt 0.146694 0.326013
vt 0.151054 0.320947
vt 0.150907 0.326632
vt 0.155348 0.321418
vt 0.155200 0.327103
vt 0.159700 0.321739
vt 0.159553 0.327424
vt 0.164089 0.321912
vt 0.163942 0.327597
vt 0.168492 0.321937
vt 0.168344 0.327622
vt 0.172889 0.321820
vt 0.172741 0.327505
vt 0.684621 0.885506
vt 0.684626 0.892874
vt 0.682118 0.892753
vt 0.682113 0.885385
vt 0.679621 0.892638
vt 0.679615 0.885270
vt 0.677145 0.892532
vt 0.677140 0.885164
vt 0.674703 0.892434
vt 0.674698 0.885066
vt 0.672309 0.892345
vt 0.672304 0.884977
vt 0.669975 0.892266
vt 0.669970 0.884898
vt 0.667713 0.892197
vt 0.667708 0.884829
vt 0.665537 0.892139
vt 0.665532 0.884771
vt 0.663458 0.892092
vt 0.663453 0.884723
vt 0.661488 0.892055
vt 0.661483 0.884687
vt 0.659638 0.892031
vt 0.659633 0.884663
vt 0.657918 0.892018
vt 0.657913 0.884650
vt 0.656338 0.892017
vt 0.656333 0.884648
vt 0.222927 0.299941
vt 0.223575 0.305561
vt 0.221473 0.306239
vt 0.220825 0.300619
vt 0.219266 0.306854
vt 0.218617 0.301234
vt 0.216966 0.307402
vt 0.216317 0.301783
vt 0.214586 0.307882
vt 0.213937 0.302263
vt 0.212139 0.308292
vt 0.211490 0.302672
vt 0.209638 0.308629
vt 0.208989 0.303009
vt 0.207096 0.308893
vt 0.206448 0.303273
vt 0.204527 0.309085
vt 0.203879 0.303465
vt 0.201943 0.309205
vt 0.201294 0.303585
vt 0.956297 0.892874
vt 0.956292 0.885506
vt 0.958798 0.885385
vt 0.958803 0.892753
vt 0.961292 0.885270
vt 0.961297 0.892638
vt 0.963762 0.885164
vt 0.963767 0.892532
vt 0.966196 0.885066
vt 0.966201 0.892434
vt 0.968579 0.884977
vt 0.968584 0.892345
vt 0.970900 0.884898
vt 0.970905 0.892266
vt 0.973146 0.884829
vt 0.973151 0.892197
vt 0.975305 0.884771
vt 0.975310 0.892139
vt 0.977363 0.884723
vt 0.977369 0.892091
vt 0.979311 0.884687
vt 0.979316 0.892055
vt 0.981137 0.884663
vt 0.981142 0.892031
vt 0.982831 0.884650
vt 0.982836 0.892018
vt 0.984384 0.884648
vt 0.984389 0.892017
vt 0.602530 0.450065
vt 0.595308 0.450065
vt 0.596093 0.448455
vt 0.603315 0.448455
vt 0.596768 0.446780
vt 0.603990 0.446780
vt 0.223575 0.317608
vt 0.223428 0.323293
vt 0.221207 0.323939
vt 0.221354 0.318254
vt 0.218895 0.324504
vt 0.219042 0.318819
vt 0.216505 0.324989
vt 0.216652 0.319304
vt 0.214050 0.325389
vt 0.214197 0.319704
vt 0.211542 0.325705
vt 0.211690 0.320020
vt 0.208996 0.325937
vt 0.209143 0.320252
vt 0.206423 0.326085
vt 0.206571 0.320400
vt 0.717174 0.894492
vt 0.717169 0.887123
vt 0.722537 0.887379
vt 0.722542 0.894747
vt 0.728139 0.887621
vt 0.728144 0.894989
vt 0.733972 0.887850
vt 0.733977 0.895218
vt 0.740023 0.888063
vt 0.740028 0.895432
vt 0.746282 0.888262
vt 0.746287 0.895630
vt 0.752734 0.888445
vt 0.752739 0.895813
vt 0.759365 0.888612
vt 0.759370 0.895980
vt 0.766157 0.888761
vt 0.766162 0.896129
vt 0.773095 0.888893
vt 0.773101 0.896261
vt 0.780161 0.889006
vt 0.780167 0.896374
vt 0.787336 0.889102
vt 0.787341 0.896470
vt 0.794602 0.889178
vt 0.794607 0.896547
vt 0.801938 0.889236
vt 0.801943 0.896604
vt 0.809324 0.889275
vt 0.809330 0.896643
vt 0.816742 0.889294
vt 0.816747 0.896662
vt 0.824169 0.889294
vt 0.824174 0.896662
vt 0.831587 0.889275
vt 0.831592 0.896643
vt 0.838973 0.889236
vt 0.838979 0.896604
vt 0.846309 0.889178
vt 0.846314 0.896546
vt 0.853575 0.889102
vt 0.853580 0.896470
vt 0.860750 0.889006
vt 0.860755 0.896374
vt 0.867816 0.888892
vt 0.867821 0.896261
vt 0.874754 0.888761
vt 0.874759 0.896129
vt 0.881547 0.888612
vt 0.881552 0.895980
vt 0.888177 0.888445
vt 0.888182 0.895813
vt 0.894629 0.888262
vt 0.894634 0.895630
vt 0.900888 0.888063
vt 0.900893 0.895432
vt 0.906940 0.887850
vt 0.906945 0.895218
vt 0.912772 0.887621
vt 0.912777 0.894989
vt 0.918375 0.887379
vt 0.918380 0.894747
vt 0.923743 0.887124
vt 0.923748 0.894492
vt 0.353787 0.281966
vt 0.353751 0.289341
vt 0.348398 0.289090
vt 0.348434 0.281714
vt 0.342811 0.288851
vt 0.342847 0.281476
vt 0.336995 0.288627
vt 0.337031 0.281252
vt 0.330960 0.288418
vt 0.330996 0.281042
vt 0.324719 0.288223
vt 0.324755 0.280848
vt 0.318286 0.288045
vt 0.318322 0.280670
vt 0.311674 0.287884
vt 0.311710 0.280508
vt 0.304901 0.287739
vt 0.304937 0.280364
vt 0.297983 0.287613
vt 0.298019 0.280237
vt 0.290938 0.287504
vt 0.290974 0.280129
vt 0.283784 0.287414
vt 0.283820 0.280038
vt 0.276540 0.287342
vt 0.276577 0.279967
vt 0.269226 0.287290
vt 0.269262 0.279914
vt 0.261861 0.287256
vt 0.261898 0.279881
vt 0.254466 0.287242
vt 0.254503 0.279867
vt 0.247061 0.287248
vt 0.247097 0.279872
vt 0.239666 0.287272
vt 0.239703 0.279897
vt 0.232302 0.287316
vt 0.232338 0.279941
vt 0.224988 0.287379
vt 0.225025 0.280004
vt 0.217745 0.287461
vt 0.217782 0.280086
vt 0.210592 0.287562
vt 0.210629 0.280186
vt 0.203548 0.287680
vt 0.203585 0.280305
vt 0.196632 0.287817
vt 0.196668 0.280442
vt 0.189860 0.287971
vt 0.189896 0.280596
vt 0.183250 0.288142
vt 0.183287 0.280767
vt 0.176819 0.288330
vt 0.176855 0.280954
vt 0.170580 0.288533
vt 0.170616 0.281157
vt 0.164547 0.288751
vt 0.164584 0.281376
vt 0.158734 0.288984
vt 0.158770 0.281608
vt 0.153149 0.289230
vt 0.153185 0.281855
vt 0.147798 0.289489
vt 0.147835 0.282113
vt 0.470626 0.173130
vt 0.475951 0.078481
vt 0.480017 0.078478
vt 0.474692 0.173127
vt 0.484237 0.078476
vt 0.478912 0.173125
vt 0.488607 0.078474
vt 0.483282 0.173123
vt 0.493119 0.078472
vt 0.487794 0.173121
vt 0.497763 0.078470
vt 0.492438 0.173119
vt 0.502530 0.078469
vt 0.497205 0.173118
vt 0.507407 0.078468
vt 0.502082 0.173117
vt 0.512383 0.078467
vt 0.507058 0.173116
vt 0.517445 0.078466
vt 0.512120 0.173115
vt 0.522580 0.078466
vt 0.517255 0.173115
vt 0.527776 0.078466
vt 0.522450 0.173115
vt 0.533017 0.078466
vt 0.527692 0.173115
vt 0.538290 0.078467
vt 0.532965 0.173116
vt 0.543580 0.078468
vt 0.538255 0.173117
vt 0.548873 0.078469
vt 0.543548 0.173118
vt 0.554155 0.078470
vt 0.548830 0.173119
vt 0.559411 0.078472
vt 0.554086 0.173121
vt 0.564626 0.078474
vt 0.559301 0.173123
vt 0.569786 0.078476
vt 0.564461 0.173125
vt 0.574878 0.078478
vt 0.569553 0.173127
vt 0.579887 0.078481
vt 0.574562 0.173130
vt 0.584801 0.078484
vt 0.579475 0.173133
vt 0.589606 0.078487
vt 0.584281 0.173136
vt 0.594291 0.078490
vt 0.588966 0.173139
vt 0.598844 0.078494
vt 0.593519 0.173143
vt 0.603428 0.078528
vt 0.597856 0.173205
vt 0.607851 0.078748
vt 0.602031 0.173453
vt 0.611982 0.078934
vt 0.606162 0.173639
vt 0.615987 0.079116
vt 0.610167 0.173821
vt 0.619857 0.079293
vt 0.614038 0.173998
vt 0.623590 0.079464
vt 0.617770 0.174169
vt 0.550824 0.458080
vt 0.555469 0.552714
vt 0.551336 0.552717
vt 0.546692 0.458083
vt 0.547003 0.552719
vt 0.542358 0.458085
vt 0.542473 0.552722
vt 0.537829 0.458088
vt 0.537754 0.552724
vt 0.533109 0.458091
vt 0.532855 0.552727
vt 0.528210 0.458093
vt 0.527787 0.552729
vt 0.523142 0.458095
vt 0.522561 0.552731
vt 0.517916 0.458097
vt 0.517190 0.552732
vt 0.512545 0.458098
vt 0.511687 0.552734
vt 0.507042 0.458100
vt 0.506065 0.552735
vt 0.501421 0.458101
vt 0.500341 0.552736
vt 0.495696 0.458102
vt 0.494529 0.552737
vt 0.489884 0.458103
vt 0.488644 0.552738
vt 0.483999 0.458104
vt 0.482702 0.552738
vt 0.478057 0.458104
vt 0.476720 0.552738
vt 0.472075 0.458104
vt 0.470713 0.552738
vt 0.466069 0.458104
vt 0.464700 0.552738
vt 0.460055 0.458104
vt 0.458695 0.552738
vt 0.454050 0.458104
vt 0.452716 0.552737
vt 0.448071 0.458103
vt 0.446778 0.552736
vt 0.442133 0.458102
vt 0.440898 0.552735
vt 0.436253 0.458101
vt 0.435092 0.552734
vt 0.430447 0.458100
vt 0.429374 0.552732
vt 0.424729 0.458098
vt 0.423759 0.552731
vt 0.419114 0.458097
vt 0.418262 0.552729
vt 0.413617 0.458095
vt 0.412895 0.552727
vt 0.408250 0.458093
vt 0.407672 0.552724
vt 0.403027 0.458091
vt 0.402604 0.552722
vt 0.397959 0.458088
vt 0.397701 0.552719
vt 0.393056 0.458085
vt 0.392973 0.552717
vt 0.388328 0.458083
vt 0.388424 0.552714
vt 0.383779 0.458080
vt 0.575825 0.458061
vt 0.577754 0.458119
vt 0.579680 0.458302
vt 0.581595 0.458613
vt 0.583488 0.459052
vt 0.585351 0.459619
vt 0.587173 0.460313
vt 0.588945 0.461131
vt 0.590656 0.462068
vt 0.592296 0.463122
vt 0.593858 0.464286
vt 0.595332 0.465554
vt 0.596710 0.466920
vt 0.597985 0.468376
vt 0.599150 0.469914
vt 0.600199 0.471525
vt 0.601127 0.473201
vt 0.601930 0.474931
vt 0.602604 0.476707
vt 0.603149 0.478520
vt 0.603561 0.480359
vt 0.603842 0.482215
vt 0.603995 0.484079
vt 0.605190 0.508422
vt 0.605241 0.511591
vt 0.605073 0.514746
vt 0.604679 0.517872
vt 0.604056 0.520953
vt 0.603206 0.523974
vt 0.602130 0.526917
vt 0.600833 0.529767
vt 0.599319 0.532507
vt 0.597596 0.535124
vt 0.595672 0.537601
vt 0.593558 0.539926
vt 0.591264 0.542085
vt 0.588804 0.544068
vt 0.586191 0.545862
vt 0.583440 0.547460
vt 0.580566 0.548854
vt 0.577585 0.550038
vt 0.574514 0.551006
vt 0.571369 0.551758
vt 0.568166 0.552291
vt 0.564923 0.552606
vt 0.561655 0.552709
vt 0.381585 0.552709
vt 0.377962 0.552606
vt 0.374344 0.552290
vt 0.370749 0.551758
vt 0.367194 0.551006
vt 0.363699 0.550038
vt 0.360282 0.548854
vt 0.356960 0.547460
vt 0.353754 0.545862
vt 0.350680 0.544068
vt 0.347756 0.542085
vt 0.344997 0.539926
vt 0.342420 0.537601
vt 0.340037 0.535124
vt 0.337862 0.532507
vt 0.335905 0.529767
vt 0.334176 0.526917
vt 0.332683 0.523974
vt 0.331431 0.520953
vt 0.330425 0.517872
vt 0.329666 0.514746
vt 0.329153 0.511591
vt 0.328883 0.508422
vt 0.327688 0.484079
vt 0.327664 0.482215
vt 0.327783 0.480359
vt 0.328049 0.478520
vt 0.328463 0.476707
vt 0.329026 0.474931
vt 0.329734 0.473201
vt 0.330587 0.471525
vt 0.331580 0.469914
vt 0.332709 0.468376
vt 0.333968 0.466920
vt 0.335350 0.465554
vt 0.336848 0.464286
vt 0.338455 0.463122
vt 0.340160 0.462068
vt 0.341954 0.461131
vt 0.343828 0.460313
vt 0.345770 0.459619
vt 0.347771 0.459052
vt 0.349819 0.458613
vt 0.351904 0.458302
vt 0.354014 0.458119
vt 0.356140 0.458061
vt 0.445904 0.173147
vt 0.444004 0.173089
vt 0.442118 0.172906
vt 0.440257 0.172595
vt 0.438431 0.172155
vt 0.436648 0.171588
vt 0.434920 0.170894
vt 0.433254 0.170076
vt 0.431661 0.169138
vt 0.430149 0.168084
vt 0.428726 0.166920
vt 0.427402 0.165651
vt 0.426182 0.164285
vt 0.425074 0.162829
vt 0.424084 0.161291
vt 0.423215 0.159679
vt 0.422473 0.158003
vt 0.421861 0.156273
vt 0.421380 0.154496
vt 0.421032 0.152683
vt 0.420817 0.150844
vt 0.420733 0.148988
vt 0.420778 0.147123
vt 0.422147 0.122777
vt 0.422429 0.119607
vt 0.422926 0.116452
vt 0.423643 0.113325
vt 0.424582 0.110243
vt 0.425739 0.107222
vt 0.427111 0.104279
vt 0.428692 0.101429
vt 0.430476 0.098688
vt 0.432454 0.096071
vt 0.434616 0.093593
vt 0.436950 0.091268
vt 0.439444 0.089109
vt 0.442085 0.087126
vt 0.444856 0.085332
vt 0.447744 0.083733
vt 0.450732 0.082340
vt 0.453803 0.081156
vt 0.456941 0.080187
vt 0.460130 0.079436
vt 0.463352 0.078903
vt 0.466592 0.078588
vt 0.469834 0.078485
vt 0.629208 0.079723
vt 0.632175 0.079961
vt 0.635115 0.080411
vt 0.638015 0.081077
vt 0.640859 0.081960
vt 0.643632 0.083058
vt 0.646319 0.084367
vt 0.648906 0.085883
vt 0.651377 0.087599
vt 0.653720 0.089506
vt 0.655921 0.091595
vt 0.657968 0.093855
vt 0.659849 0.096273
vt 0.661554 0.098836
vt 0.663075 0.101531
vt 0.664404 0.104341
vt 0.665534 0.107252
vt 0.666461 0.110248
vt 0.667182 0.113312
vt 0.667695 0.116427
vt 0.668000 0.119578
vt 0.668100 0.122749
vt 0.668000 0.125925
vt 0.666503 0.150286
vt 0.666332 0.152149
vt 0.666045 0.153999
vt 0.665640 0.155826
vt 0.665115 0.157621
vt 0.664472 0.159374
vt 0.663714 0.161076
vt 0.662842 0.162718
vt 0.661862 0.164291
vt 0.660778 0.165785
vt 0.659596 0.167192
vt 0.658321 0.168505
vt 0.656961 0.169717
vt 0.655523 0.170820
vt 0.654014 0.171809
vt 0.652445 0.172679
vt 0.650822 0.173426
vt 0.649155 0.174046
vt 0.647454 0.174538
vt 0.645726 0.174901
vt 0.643982 0.175134
vt 0.642229 0.175238
vt 0.640477 0.175217
vt 0.703099 0.903858
vt 0.984389 0.903858
vt 0.984388 0.910838
vt 0.703097 0.910838
vt 0.223548 0.418596
vt 0.223456 0.423945
vt 0.177598 0.423945
vt 0.177689 0.418596
vt 0.184061 0.462405
vt 0.184223 0.470293
vt 0.173222 0.470031
vt 0.173060 0.462143
vt 0.184033 0.198065
vt 0.411496 0.198065
vt 0.411189 0.231152
vt 0.183726 0.231152
vt 0.279571 0.418616
vt 0.279358 0.423945
vt 0.233521 0.423945
vt 0.233734 0.418616
vt 0.190534 0.238347
vt 0.411496 0.238347
vt 0.411189 0.271434
vt 0.190227 0.271434
vt 0.180253 0.264961
vt 0.180143 0.271434
vt 0.134284 0.271434
vt 0.134394 0.264961
vt 0.367033 0.693547
vt 0.172724 0.693547
vt 0.172262 0.660461
vt 0.366571 0.660461
vt 0.223575 0.334818
vt 0.223318 0.341267
vt 0.177481 0.341267
vt 0.177738 0.334818
vt 0.298168 0.710954
vt 0.024917 0.710954
vt 0.024919 0.702507
vt 0.298169 0.702507
vt 0.279571 0.439584
vt 0.007143 0.439584
vt 0.007112 0.431141
vt 0.279541 0.431141
vt 0.376298 0.333024
vt 0.375734 0.299941
vt 0.603426 0.299941
vt 0.603990 0.333024
vt 0.180253 0.257533
vt 0.134391 0.257533
vt 0.134336 0.251538
vt 0.180198 0.251538
vt 0.377077 0.413555
vt 0.375756 0.380499
vt 0.602669 0.380499
vt 0.603990 0.413555
vt 0.178062 0.751235
vt 0.132201 0.751235
vt 0.132274 0.745964
vt 0.178136 0.745964
vt 0.388310 0.794258
vt 0.388311 0.801672
vt 0.091214 0.801672
vt 0.091213 0.794258
vt 0.365782 0.403858
vt 0.365755 0.411249
vt 0.068772 0.411249
vt 0.068799 0.403858
vt 0.605241 0.693517
vt 0.378328 0.693517
vt 0.377007 0.660461
vt 0.603921 0.660461
vt 0.180198 0.238347
vt 0.180253 0.244342
vt 0.134391 0.244342
vt 0.134336 0.238347
vt 0.603990 0.373303
vt 0.376298 0.373303
vt 0.375734 0.340220
vt 0.603426 0.340220
vt 0.178136 0.718150
vt 0.178062 0.723421
vt 0.132201 0.723421
vt 0.132274 0.718150
vt 0.605241 0.710954
vt 0.308145 0.710954
vt 0.308143 0.703540
vt 0.605240 0.703540
vt 0.317664 0.526964
vt 0.020681 0.526964
vt 0.020707 0.519573
vt 0.317691 0.519573
vt 0.722937 0.709170
vt 0.722890 0.710036
vt 0.706289 0.709832
vt 0.706409 0.708967
vt 0.722818 0.710734
vt 0.706158 0.710529
vt 0.313490 0.488440
vt 0.286074 0.490352
vt 0.286468 0.489488
vt 0.313892 0.487576
vt 0.721252 0.199586
vt 0.704742 0.199777
vt 0.704672 0.198935
vt 0.721256 0.198743
vt 0.721263 0.198079
vt 0.704620 0.198272
vt 0.721252 0.449300
vt 0.682641 0.449272
vt 0.676766 0.449057
vt 0.670990 0.448429
vt 0.665303 0.447388
vt 0.659747 0.445945
vt 0.654365 0.444110
vt 0.649198 0.441896
vt 0.644285 0.439320
vt 0.639664 0.436403
vt 0.635369 0.433167
vt 0.631434 0.429635
vt 0.627888 0.425835
vt 0.624758 0.421796
vt 0.622069 0.417549
vt 0.619840 0.413126
vt 0.618088 0.408560
vt 0.616828 0.403887
vt 0.616067 0.399141
vt 0.615811 0.394313
vt 0.615811 0.278234
vt 0.616057 0.272584
vt 0.616787 0.267000
vt 0.618001 0.261473
vt 0.619691 0.256033
vt 0.621850 0.250705
vt 0.624466 0.245517
vt 0.627526 0.240497
vt 0.631013 0.235669
vt 0.634912 0.231058
vt 0.639201 0.226688
vt 0.643859 0.222580
vt 0.648862 0.218756
vt 0.654185 0.215235
vt 0.659800 0.212036
vt 0.665679 0.209174
vt 0.671792 0.206664
vt 0.678108 0.204519
vt 0.684594 0.202749
vt 0.691218 0.201365
vt 0.697945 0.200372
vt 0.699410 0.709226
vt 0.699603 0.708367
vt 0.699220 0.709918
vt 0.317271 0.499440
vt 0.317690 0.500303
vt 0.312556 0.500599
vt 0.312164 0.499734
vt 0.312569 0.467179
vt 0.312407 0.459292
vt 0.317529 0.458910
vt 0.317691 0.466797
vt 0.697802 0.199537
vt 0.697692 0.198880
vt 0.317100 0.458061
vt 0.312006 0.458442
vt 0.692600 0.708218
vt 0.692867 0.707370
vt 0.692353 0.708902
vt 0.307035 0.500884
vt 0.306673 0.500018
vt 0.312407 0.508486
vt 0.306886 0.508771
vt 0.691002 0.200540
vt 0.690834 0.199891
vt 0.306491 0.509610
vt 0.311982 0.509327
vt 0.685896 0.706814
vt 0.686234 0.705982
vt 0.685592 0.707486
vt 0.301156 0.501156
vt 0.300825 0.500288
vt 0.301007 0.509043
vt 0.684307 0.201939
vt 0.684081 0.201303
vt 0.300644 0.509881
vt 0.679330 0.705022
vt 0.679739 0.704209
vt 0.678970 0.705679
vt 0.294950 0.501414
vt 0.294652 0.500545
vt 0.294800 0.509301
vt 0.677750 0.203728
vt 0.677469 0.203106
vt 0.294470 0.510137
vt 0.672937 0.702850
vt 0.673414 0.702060
vt 0.672523 0.703488
vt 0.288446 0.501657
vt 0.288184 0.500786
vt 0.288297 0.509544
vt 0.671366 0.205896
vt 0.671031 0.205293
vt 0.288002 0.510379
vt 0.666748 0.700310
vt 0.667291 0.699547
vt 0.666282 0.700926
vt 0.281680 0.501883
vt 0.281453 0.501011
vt 0.281531 0.509770
vt 0.665187 0.208433
vt 0.664800 0.207852
vt 0.281272 0.510604
vt 0.660796 0.697414
vt 0.661403 0.696682
vt 0.660279 0.698006
vt 0.274684 0.502091
vt 0.274496 0.501218
vt 0.274535 0.509978
vt 0.659244 0.211326
vt 0.658807 0.210769
vt 0.274314 0.510811
vt 0.655111 0.694177
vt 0.655778 0.693480
vt 0.274189 0.500510
vt 0.267346 0.501407
vt 0.267100 0.500697
vt 0.267496 0.502280
vt 0.267346 0.510168
vt 0.653569 0.214560
vt 0.653083 0.214031
vt 0.267164 0.511000
vt 0.649721 0.690616
vt 0.650446 0.689957
vt 0.260040 0.501575
vt 0.259855 0.500864
vt 0.260150 0.502450
vt 0.260001 0.510338
vt 0.648188 0.218119
vt 0.259648 0.511811
vt 0.259858 0.511168
vt 0.266893 0.511644
vt 0.644654 0.686748
vt 0.645434 0.686131
vt 0.252616 0.501723
vt 0.252494 0.501011
vt 0.252686 0.502599
vt 0.252537 0.510487
vt 0.643131 0.221984
vt 0.252287 0.511958
vt 0.252434 0.511317
vt 0.639936 0.682594
vt 0.640766 0.682021
vt 0.245111 0.501850
vt 0.245052 0.501137
vt 0.245141 0.502726
vt 0.244991 0.510614
vt 0.638423 0.226137
vt 0.244845 0.512084
vt 0.244929 0.511444
vt 0.635592 0.678175
vt 0.636468 0.677650
vt 0.237564 0.501955
vt 0.237569 0.501241
vt 0.237552 0.502831
vt 0.237403 0.510720
vt 0.634087 0.230554
vt 0.237362 0.512188
vt 0.237382 0.511549
vt 0.631642 0.673513
vt 0.632561 0.673038
vt 0.230013 0.502037
vt 0.230081 0.501323
vt 0.229960 0.502914
vt 0.229811 0.510803
vt 0.630146 0.235215
vt 0.229874 0.512270
vt 0.229831 0.511631
vt 0.628107 0.668633
vt 0.629064 0.668209
vt 0.222496 0.502096
vt 0.222628 0.501381
vt 0.222403 0.502973
vt 0.222254 0.510863
vt 0.626620 0.240096
vt 0.222421 0.512329
vt 0.222315 0.511690
vt 0.625006 0.663557
vt 0.625996 0.663188
vt 0.215052 0.502133
vt 0.215247 0.501417
vt 0.214919 0.503010
vt 0.214770 0.510899
vt 0.623528 0.245170
vt 0.215040 0.512364
vt 0.214871 0.511727
vt 0.622354 0.658314
vt 0.623373 0.658001
vt 0.207719 0.502145
vt 0.207976 0.501430
vt 0.207546 0.503022
vt 0.207397 0.510912
vt 0.620883 0.250414
vt 0.207769 0.512377
vt 0.207538 0.511740
vt 0.620165 0.652929
vt 0.621207 0.652674
vt 0.621510 0.658573
vt 0.619302 0.653143
vt 0.200323 0.503012
vt 0.200534 0.502135
vt 0.200173 0.510902
vt 0.618701 0.255800
vt 0.617919 0.255621
vt 0.620119 0.250190
vt 0.200353 0.511729
vt 0.618449 0.647430
vt 0.619509 0.647234
vt 0.617571 0.647597
vt 0.193285 0.502977
vt 0.193534 0.502100
vt 0.193135 0.510867
vt 0.616992 0.261300
vt 0.616195 0.261168
vt 0.193353 0.511695
vt 0.617215 0.641845
vt 0.618289 0.641709
vt 0.616328 0.641964
vt 0.186468 0.502920
vt 0.186755 0.502043
vt 0.186319 0.510810
vt 0.615766 0.266886
vt 0.614958 0.266802
vt 0.186573 0.511638
vt 0.616471 0.636202
vt 0.617552 0.636127
vt 0.615577 0.636273
vt 0.179908 0.502839
vt 0.180230 0.501963
vt 0.179759 0.510729
vt 0.615027 0.272530
vt 0.614213 0.272494
vt 0.180048 0.511557
vt 0.616218 0.630508
vt 0.617301 0.630478
vt 0.615322 0.630542
vt 0.173635 0.502735
vt 0.173982 0.501860
vt 0.173486 0.510626
vt 0.614779 0.278227
vt 0.613964 0.278227
vt 0.173801 0.511454
vt 0.877166 0.199572
vt 0.877170 0.198728
vt 0.893741 0.198917
vt 0.893663 0.199759
vt 0.877176 0.198065
vt 0.893806 0.198255
vt 0.276421 0.490886
vt 0.276815 0.490023
vt 0.878334 0.710255
vt 0.878380 0.709389
vt 0.894760 0.709233
vt 0.894788 0.710098
vt 0.878262 0.710954
vt 0.894773 0.710796
vt 0.900454 0.200354
vt 0.907177 0.201345
vt 0.913795 0.202728
vt 0.920276 0.204496
vt 0.926587 0.206640
vt 0.932694 0.209149
vt 0.938569 0.212010
vt 0.944179 0.215208
vt 0.949498 0.218728
vt 0.954497 0.222551
vt 0.959151 0.226658
vt 0.963437 0.231027
vt 0.967332 0.235638
vt 0.970817 0.240465
vt 0.973875 0.245485
vt 0.976488 0.250672
vt 0.978645 0.255999
vt 0.980334 0.261440
vt 0.981547 0.266966
vt 0.982277 0.272550
vt 0.982522 0.278200
vt 0.982522 0.394279
vt 0.982266 0.399107
vt 0.981506 0.403852
vt 0.980247 0.408526
vt 0.978497 0.413092
vt 0.976269 0.417516
vt 0.973582 0.421764
vt 0.970455 0.425803
vt 0.966912 0.429604
vt 0.962980 0.433136
vt 0.958689 0.436373
vt 0.954071 0.439291
vt 0.949162 0.441868
vt 0.943999 0.444082
vt 0.938622 0.445919
vt 0.933071 0.447363
vt 0.927388 0.448404
vt 0.921617 0.449034
vt 0.915746 0.449251
vt 0.877166 0.449285
vt 0.412655 0.903858
vt 0.693098 0.903858
vt 0.693124 0.910836
vt 0.412680 0.910836
vt 0.900606 0.199518
vt 0.900729 0.198861
vt 0.159058 0.460811
vt 0.159398 0.461662
vt 0.153261 0.461454
vt 0.152953 0.460604
vt 0.901503 0.708652
vt 0.901602 0.709511
vt 0.901646 0.710203
vt 0.153150 0.470197
vt 0.153422 0.469341
vt 0.159560 0.469549
vt 0.159254 0.470404
vt 0.907400 0.200520
vt 0.907581 0.199871
vt 0.146849 0.461249
vt 0.146576 0.460400
vt 0.908175 0.707674
vt 0.908347 0.708522
vt 0.908448 0.709206
vt 0.146772 0.469993
vt 0.147010 0.469136
vt 0.914090 0.201918
vt 0.914328 0.201281
vt 0.140195 0.461047
vt 0.139958 0.460199
vt 0.914745 0.706304
vt 0.914988 0.707138
vt 0.915145 0.707810
vt 0.140155 0.469792
vt 0.140357 0.468934
vt 0.920642 0.203705
vt 0.920935 0.203084
vt 0.133334 0.460850
vt 0.133134 0.460004
vt 0.921178 0.704549
vt 0.921490 0.705364
vt 0.133059 0.470283
vt 0.133330 0.469596
vt 0.139826 0.470477
vt 0.133496 0.468737
vt 0.927020 0.205872
vt 0.927368 0.205269
vt 0.126301 0.460659
vt 0.126138 0.459813
vt 0.927441 0.702419
vt 0.927821 0.703210
vt 0.126122 0.470094
vt 0.126335 0.469406
vt 0.126462 0.468546
vt 0.933194 0.208408
vt 0.125898 0.459147
vt 0.119006 0.459630
vt 0.118826 0.458965
vt 0.119130 0.460475
vt 0.933502 0.699923
vt 0.933948 0.700687
vt 0.119050 0.469912
vt 0.119203 0.469223
vt 0.119292 0.468362
vt 0.939132 0.211300
vt 0.111774 0.459454
vt 0.111655 0.458791
vt 0.111859 0.460298
vt 0.939332 0.697074
vt 0.939841 0.697807
vt 0.111880 0.469738
vt 0.111971 0.469047
vt 0.112021 0.468185
vt 0.944804 0.214533
vt 0.104480 0.459286
vt 0.104422 0.458625
vt 0.104525 0.460129
vt 0.944899 0.693888
vt 0.945468 0.694587
vt 0.104646 0.469572
vt 0.104676 0.468880
vt 0.104687 0.468017
vt 0.950179 0.218091
vt 0.097159 0.459128
vt 0.097163 0.458468
vt 0.097165 0.459970
vt 0.950176 0.690380
vt 0.950802 0.691041
vt 0.097388 0.469415
vt 0.097356 0.468722
vt 0.097327 0.467858
vt 0.955233 0.221955
vt 0.089850 0.458980
vt 0.089916 0.458322
vt 0.089817 0.459821
vt 0.955135 0.686568
vt 0.955815 0.687187
vt 0.090140 0.469269
vt 0.090047 0.468574
vt 0.089978 0.467710
vt 0.959937 0.226106
vt 0.082590 0.458843
vt 0.082717 0.458186
vt 0.082518 0.459684
vt 0.959752 0.682471
vt 0.960482 0.683047
vt 0.082942 0.469133
vt 0.082787 0.468437
vt 0.082679 0.467572
vt 0.964269 0.230523
vt 0.075416 0.458718
vt 0.075604 0.458061
vt 0.075304 0.459557
vt 0.964003 0.678112
vt 0.964779 0.678640
vt 0.075828 0.469009
vt 0.075613 0.468312
vt 0.075466 0.467446
vt 0.968207 0.235184
vt 0.964933 0.230130
vt 0.968904 0.234830
vt 0.068214 0.459444
vt 0.068364 0.458605
vt 0.967866 0.673511
vt 0.968684 0.673989
vt 0.068836 0.468897
vt 0.068561 0.468199
vt 0.068376 0.467333
vt 0.971730 0.240063
vt 0.972457 0.239751
vt 0.061284 0.459342
vt 0.061471 0.458504
vt 0.971322 0.668692
vt 0.972177 0.669118
vt 0.062000 0.468797
vt 0.061668 0.468099
vt 0.061445 0.467232
vt 0.974820 0.245138
vt 0.975574 0.244868
vt 0.054547 0.459255
vt 0.054771 0.458417
vt 0.974353 0.663680
vt 0.975241 0.664052
vt 0.055357 0.468711
vt 0.054967 0.468012
vt 0.054709 0.467145
vt 0.977462 0.250381
vt 0.978239 0.250156
vt 0.048040 0.459181
vt 0.048298 0.458344
vt 0.976943 0.658500
vt 0.977859 0.658816
vt 0.048939 0.468638
vt 0.048495 0.467939
vt 0.048201 0.467071
vt 0.979643 0.255766
vt 0.980437 0.255587
vt 0.041794 0.459122
vt 0.042086 0.458285
vt 0.979079 0.653179
vt 0.980019 0.653437
vt 0.042779 0.468580
vt 0.042283 0.467880
vt 0.041956 0.467012
vt 0.981350 0.261265
vt 0.982159 0.261133
vt 0.035842 0.459077
vt 0.036167 0.458240
vt 0.980751 0.647744
vt 0.981709 0.647943
vt 0.982433 0.648112
vt 0.980729 0.653653
vt 0.036363 0.467835
vt 0.036004 0.466967
vt 0.982576 0.266852
vt 0.983396 0.266767
vt 0.030215 0.459047
vt 0.030569 0.458210
vt 0.981950 0.642222
vt 0.982921 0.642361
vt 0.983656 0.642482
vt 0.030766 0.467805
vt 0.030376 0.466937
vt 0.983314 0.272496
vt 0.984140 0.272460
vt 0.317254 0.542581
vt 0.317660 0.543401
vt 0.312086 0.543241
vt 0.311710 0.542421
vt 0.982670 0.636642
vt 0.983648 0.636720
vt 0.984389 0.636793
vt 0.311747 0.552012
vt 0.312116 0.551128
vt 0.317691 0.551289
vt 0.317291 0.552172
vt 0.983561 0.278192
vt 0.984389 0.278192
vt 0.306156 0.543110
vt 0.305804 0.542291
vt 0.982908 0.630994
vt 0.983889 0.631027
vt 0.305300 0.552610
vt 0.305841 0.551882
vt 0.311169 0.552738
vt 0.306187 0.550998
vt 0.682623 0.450133
vt 0.676680 0.449915
vt 0.682611 0.450822
vt 0.676614 0.450602
vt 0.147362 0.480588
vt 0.147806 0.481430
vt 0.143299 0.481224
vt 0.142881 0.480383
vt 0.678171 0.459763
vt 0.678033 0.458928
vt 0.683983 0.458715
vt 0.684053 0.459552
vt 0.677887 0.458277
vt 0.683891 0.458061
vt 0.143208 0.489974
vt 0.143568 0.489109
vt 0.148075 0.489315
vt 0.147689 0.490179
vt 0.670814 0.449277
vt 0.670678 0.449956
vt 0.138409 0.481031
vt 0.138028 0.480191
vt 0.672389 0.460387
vt 0.672161 0.459562
vt 0.671945 0.458919
vt 0.138355 0.489782
vt 0.138678 0.488916
vt 0.665039 0.448220
vt 0.664833 0.448887
vt 0.133168 0.480851
vt 0.132827 0.480013
vt 0.666696 0.461423
vt 0.666380 0.460614
vt 0.666093 0.459983
vt 0.133155 0.489604
vt 0.133437 0.488736
vt 0.659397 0.446755
vt 0.659122 0.447403
vt 0.127618 0.480686
vt 0.127319 0.479849
vt 0.661135 0.462862
vt 0.660733 0.462075
vt 0.660378 0.461462
vt 0.127647 0.489440
vt 0.127887 0.488571
vt 0.653932 0.444891
vt 0.653591 0.445517
vt 0.121800 0.480537
vt 0.121546 0.479702
vt 0.655748 0.464693
vt 0.655263 0.463935
vt 0.121545 0.489997
vt 0.121873 0.489293
vt 0.127250 0.490142
vt 0.122069 0.488423
vt 0.648685 0.442642
vt 0.648280 0.443241
vt 0.115758 0.480406
vt 0.115550 0.479571
vt 0.650577 0.466903
vt 0.650011 0.466179
vt 0.115622 0.489868
vt 0.115877 0.489163
vt 0.116027 0.488292
vt 0.643695 0.440027
vt 0.643230 0.440594
vt 0.109539 0.480293
vt 0.109378 0.479459
vt 0.645661 0.469473
vt 0.645019 0.468789
vt 0.109524 0.489758
vt 0.109706 0.489051
vt 0.109808 0.488179
vt 0.639002 0.437065
vt 0.638480 0.437596
vt 0.103190 0.480199
vt 0.103078 0.479367
vt 0.641037 0.472386
vt 0.640323 0.471747
vt 0.103299 0.489666
vt 0.103405 0.488958
vt 0.103459 0.488086
vt 0.634641 0.433778
vt 0.102925 0.478721
vt 0.096696 0.479294
vt 0.096620 0.478649
vt 0.096759 0.480125
vt 0.636740 0.475619
vt 0.635960 0.475030
vt 0.096994 0.489594
vt 0.097023 0.488885
vt 0.097028 0.488012
vt 0.630644 0.430191
vt 0.090281 0.479241
vt 0.090283 0.478597
vt 0.090295 0.480072
vt 0.632804 0.479146
vt 0.631962 0.478612
vt 0.090656 0.489542
vt 0.090609 0.488833
vt 0.090564 0.487959
vt 0.627043 0.426333
vt 0.083883 0.479209
vt 0.083961 0.478566
vt 0.083847 0.480040
vt 0.629257 0.482942
vt 0.628360 0.482467
vt 0.084334 0.489511
vt 0.084210 0.488801
vt 0.084116 0.487928
vt 0.623865 0.422231
vt 0.077550 0.479198
vt 0.077704 0.478555
vt 0.077465 0.480029
vt 0.626127 0.486977
vt 0.625182 0.486565
vt 0.078077 0.489500
vt 0.077877 0.488791
vt 0.077734 0.487917
vt 0.621134 0.417918
vt 0.623159 0.422582
vt 0.620395 0.418216
vt 0.071197 0.480039
vt 0.071329 0.479208
vt 0.623439 0.491221
vt 0.622451 0.490875
vt 0.071932 0.489511
vt 0.071657 0.488801
vt 0.071466 0.487928
vt 0.618870 0.413425
vt 0.618104 0.413669
vt 0.065090 0.480071
vt 0.065270 0.479240
vt 0.621211 0.495641
vt 0.620189 0.495364
vt 0.619342 0.495155
vt 0.621632 0.490611
vt 0.065597 0.488833
vt 0.065359 0.487959
vt 0.617091 0.408789
vt 0.616303 0.408976
vt 0.059192 0.480123
vt 0.059416 0.479292
vt 0.619462 0.500204
vt 0.618412 0.499997
vt 0.617544 0.499845
vt 0.059744 0.488885
vt 0.059461 0.488012
vt 0.615811 0.404042
vt 0.615007 0.404172
vt 0.053546 0.480196
vt 0.053814 0.479364
vt 0.618204 0.504875
vt 0.617135 0.504741
vt 0.616251 0.504646
vt 0.054142 0.488957
vt 0.053816 0.488085
vt 0.615039 0.399223
vt 0.614226 0.399294
vt 0.048197 0.480289
vt 0.048506 0.479457
vt 0.617447 0.509618
vt 0.616366 0.509558
vt 0.615473 0.509522
vt 0.048833 0.489050
vt 0.048466 0.488178
vt 0.614779 0.394339
vt 0.613964 0.394366
vt 0.045407 0.509035
vt 0.045044 0.508205
vt 0.050138 0.508315
vt 0.050471 0.509144
vt 0.617195 0.514444
vt 0.616111 0.514440
vt 0.615215 0.514447
vt 0.050653 0.499549
vt 0.050287 0.500425
vt 0.045194 0.500315
vt 0.045588 0.499440
vt 0.983561 0.394305
vt 0.983302 0.399188
vt 0.984389 0.394332
vt 0.984127 0.399260
vt 0.182897 0.539981
vt 0.183231 0.540799
vt 0.177816 0.540717
vt 0.177513 0.539899
vt 0.982543 0.510133
vt 0.983520 0.510076
vt 0.983782 0.514959
vt 0.982802 0.514960
vt 0.177086 0.550218
vt 0.177550 0.549490
vt 0.182934 0.549572
vt 0.182421 0.550299
vt 0.177846 0.548604
vt 0.183261 0.548687
vt 0.982531 0.404008
vt 0.983347 0.404138
vt 0.172106 0.540669
vt 0.171847 0.539851
vt 0.981784 0.505388
vt 0.982750 0.505257
vt 0.171488 0.550171
vt 0.171883 0.549442
vt 0.172136 0.548556
vt 0.981251 0.408754
vt 0.982052 0.408942
vt 0.166141 0.540654
vt 0.165927 0.539836
vt 0.980529 0.500713
vt 0.981475 0.500510
vt 0.165639 0.550156
vt 0.165964 0.549427
vt 0.166171 0.548541
vt 0.979474 0.413392
vt 0.980253 0.413635
vt 0.159966 0.540673
vt 0.159800 0.539855
vt 0.978788 0.496146
vt 0.979707 0.495871
vt 0.159585 0.550175
vt 0.159836 0.549446
vt 0.159996 0.548560
vt 0.977212 0.417884
vt 0.977963 0.418183
vt 0.153628 0.540727
vt 0.153511 0.539908
vt 0.976572 0.491719
vt 0.977457 0.491376
vt 0.153372 0.550227
vt 0.153548 0.549499
vt 0.153658 0.548613
vt 0.974483 0.422198
vt 0.975201 0.422549
vt 0.147176 0.540813
vt 0.147108 0.539994
vt 0.973900 0.487468
vt 0.974743 0.487058
vt 0.147046 0.550312
vt 0.147145 0.549585
vt 0.147206 0.548700
vt 0.971307 0.426300
vt 0.971987 0.426701
vt 0.140659 0.540933
vt 0.140640 0.540113
vt 0.970792 0.483424
vt 0.971587 0.482952
vt 0.140656 0.550429
vt 0.140677 0.549703
vt 0.140689 0.548819
vt 0.967709 0.430160
vt 0.968345 0.430607
vt 0.134125 0.541085
vt 0.134157 0.540263
vt 0.967271 0.479618
vt 0.968011 0.479087
vt 0.134250 0.550577
vt 0.134194 0.549853
vt 0.134156 0.548970
vt 0.963716 0.433747
vt 0.964303 0.434238
vt 0.127626 0.541267
vt 0.127707 0.540444
vt 0.963364 0.476080
vt 0.964043 0.475493
vt 0.127878 0.550756
vt 0.127744 0.550034
vt 0.127656 0.549152
vt 0.959358 0.437035
vt 0.959892 0.437566
vt 0.121210 0.541478
vt 0.121340 0.540654
vt 0.959101 0.472835
vt 0.959714 0.472198
vt 0.121587 0.550963
vt 0.121377 0.550243
vt 0.121240 0.549363
vt 0.954669 0.439998
vt 0.955146 0.440565
vt 0.114926 0.541718
vt 0.115104 0.540891
vt 0.954514 0.469909
vt 0.955055 0.469227
vt 0.115426 0.551197
vt 0.115141 0.550480
vt 0.114956 0.549602
vt 0.949684 0.442614
vt 0.950101 0.443213
vt 0.108822 0.541983
vt 0.109047 0.541154
vt 0.949638 0.467325
vt 0.950104 0.466602
vt 0.109442 0.551457
vt 0.109084 0.550743
vt 0.108852 0.549867
vt 0.944441 0.444863
vt 0.944794 0.445490
vt 0.102945 0.542272
vt 0.103215 0.541441
vt 0.944510 0.465101
vt 0.944896 0.464344
vt 0.103679 0.551740
vt 0.103251 0.551030
vt 0.102975 0.550156
vt 0.938980 0.446728
vt 0.939267 0.447377
vt 0.097339 0.542582
vt 0.097651 0.541749
vt 0.939169 0.463254
vt 0.939473 0.462469
vt 0.098182 0.552045
vt 0.097688 0.551338
vt 0.097369 0.550466
vt 0.933342 0.448195
vt 0.933561 0.448862
vt 0.092046 0.542912
vt 0.092399 0.542077
vt 0.933657 0.461800
vt 0.933875 0.460992
vt 0.092993 0.552368
vt 0.092436 0.551665
vt 0.092077 0.550796
vt 0.927572 0.449253
vt 0.927721 0.449932
vt 0.087109 0.543259
vt 0.087499 0.542421
vt 0.928014 0.460748
vt 0.928145 0.459924
vt 0.928213 0.459280
vt 0.934012 0.460361
vt 0.087536 0.552010
vt 0.087139 0.551143
vt 0.921711 0.449892
vt 0.921789 0.450579
vt 0.082562 0.543620
vt 0.082987 0.542779
vt 0.922284 0.460107
vt 0.922326 0.459273
vt 0.922323 0.458622
vt 0.083024 0.552368
vt 0.082592 0.551504
vt 0.915773 0.450111
vt 0.915797 0.450800
vt 0.317207 0.478555
vt 0.317690 0.479395
vt 0.313623 0.479691
vt 0.313163 0.478849
vt 0.916455 0.459880
vt 0.916430 0.459043
vt 0.916374 0.458390
vt 0.078925 0.552738
vt 0.078470 0.551876
vt 0.078440 0.543993
vt 0.721263 0.450849
vt 0.721256 0.450160
vt 0.299109 0.460190
vt 0.298738 0.459338
vt 0.174888 0.481923
vt 0.184571 0.482254
vt 0.185023 0.483096
vt 0.175340 0.482765
vt 0.734858 0.450167
vt 0.734864 0.450856
vt 0.734854 0.449306
vt 0.288126 0.460793
vt 0.287754 0.459941
vt 0.734864 0.198086
vt 0.734858 0.198750
vt 0.734854 0.199593
vt 0.195182 0.482488
vt 0.195634 0.483330
vt 0.749768 0.450172
vt 0.749775 0.450861
vt 0.749764 0.449312
vt 0.276081 0.461325
vt 0.275709 0.460473
vt 0.749775 0.198091
vt 0.749768 0.198755
vt 0.749764 0.199599
vt 0.206506 0.482622
vt 0.206958 0.483463
vt 0.765684 0.450175
vt 0.765691 0.450864
vt 0.765680 0.449315
vt 0.263220 0.461776
vt 0.262848 0.460924
vt 0.765691 0.198095
vt 0.765684 0.198758
vt 0.765680 0.199602
vt 0.218312 0.482651
vt 0.218764 0.483492
vt 0.782283 0.450177
vt 0.782289 0.450866
vt 0.782279 0.449316
vt 0.249805 0.462137
vt 0.249434 0.461286
vt 0.782289 0.198096
vt 0.782283 0.198759
vt 0.782279 0.199603
vt 0.230360 0.482576
vt 0.230812 0.483418
vt 0.799225 0.450176
vt 0.799231 0.450865
vt 0.799221 0.449316
vt 0.236110 0.462401
vt 0.235738 0.461549
vt 0.799231 0.198095
vt 0.799225 0.198759
vt 0.799221 0.199603
vt 0.242404 0.482398
vt 0.242856 0.483240
vt 0.816166 0.450173
vt 0.816172 0.450863
vt 0.816162 0.449313
vt 0.222412 0.462562
vt 0.222041 0.461710
vt 0.816172 0.198093
vt 0.816166 0.198756
vt 0.816162 0.199600
vt 0.254200 0.482121
vt 0.254652 0.482963
vt 0.832761 0.450169
vt 0.832768 0.450858
vt 0.832757 0.449309
vt 0.208991 0.462616
vt 0.208620 0.461764
vt 0.832768 0.198088
vt 0.832761 0.198752
vt 0.832757 0.199596
vt 0.265506 0.481751
vt 0.265958 0.482592
vt 0.848673 0.450163
vt 0.848679 0.450852
vt 0.848669 0.449302
vt 0.196120 0.462564
vt 0.195749 0.461712
vt 0.848679 0.198082
vt 0.848673 0.198745
vt 0.848669 0.199589
vt 0.276094 0.481294
vt 0.276546 0.482136
vt 0.863577 0.450155
vt 0.863583 0.450844
vt 0.863573 0.449294
vt 0.183690 0.461553
vt 0.863583 0.198074
vt 0.863577 0.198737
vt 0.863573 0.199581
vt 0.285747 0.480760
vt 0.286199 0.481602
vt 0.877170 0.450145
vt 0.877176 0.450834
vt 0.172688 0.461291
vt 0.175609 0.490651
vt 0.878151 0.459771
vt 0.185292 0.490983
vt 0.878103 0.458934
vt 0.878030 0.458281
vt 0.172885 0.470884
vt 0.864871 0.709355
vt 0.864642 0.459738
vt 0.864594 0.458900
vt 0.864520 0.458247
vt 0.183886 0.471147
vt 0.196282 0.470453
vt 0.864753 0.710920
vt 0.864825 0.710222
vt 0.265834 0.491343
vt 0.266227 0.490480
vt 0.850046 0.709323
vt 0.849817 0.459705
vt 0.849769 0.458868
vt 0.849695 0.458215
vt 0.195945 0.471306
vt 0.209153 0.470506
vt 0.849927 0.710888
vt 0.850000 0.710189
vt 0.254527 0.491714
vt 0.254921 0.490851
vt 0.834207 0.709292
vt 0.833978 0.459674
vt 0.833930 0.458837
vt 0.833857 0.458184
vt 0.208816 0.471359
vt 0.222574 0.470452
vt 0.834089 0.710857
vt 0.834161 0.710158
vt 0.242731 0.491991
vt 0.243125 0.491129
vt 0.817677 0.709263
vt 0.817448 0.459646
vt 0.817400 0.458809
vt 0.817326 0.458155
vt 0.222237 0.471305
vt 0.236272 0.470291
vt 0.817558 0.710828
vt 0.817631 0.710130
vt 0.230687 0.492169
vt 0.231081 0.491307
vt 0.800792 0.709238
vt 0.800563 0.459620
vt 0.800515 0.458783
vt 0.800441 0.458130
vt 0.235935 0.471144
vt 0.249967 0.470028
vt 0.800673 0.710803
vt 0.800746 0.710104
vt 0.218639 0.492244
vt 0.219033 0.491381
vt 0.783896 0.709216
vt 0.783666 0.459598
vt 0.783619 0.458761
vt 0.783545 0.458108
vt 0.249630 0.470881
vt 0.263382 0.469666
vt 0.783777 0.710781
vt 0.783850 0.710082
vt 0.206833 0.492214
vt 0.207227 0.491352
vt 0.767332 0.709198
vt 0.767103 0.459580
vt 0.767055 0.458743
vt 0.766982 0.458089
vt 0.263045 0.470519
vt 0.276242 0.469214
vt 0.767214 0.710763
vt 0.767286 0.710064
vt 0.195510 0.492081
vt 0.195904 0.491218
vt 0.751439 0.709184
vt 0.751210 0.459566
vt 0.751162 0.458729
vt 0.751089 0.458075
vt 0.275906 0.470067
vt 0.288287 0.468681
vt 0.751321 0.710748
vt 0.751393 0.710050
vt 0.184898 0.491846
vt 0.736539 0.709174
vt 0.736310 0.459557
vt 0.736262 0.458719
vt 0.736189 0.458066
vt 0.287950 0.469535
vt 0.299271 0.468078
vt 0.736421 0.710739
vt 0.736493 0.710040
vt 0.175216 0.491515
vt 0.722707 0.459552
vt 0.722660 0.458715
vt 0.722586 0.458061
vt 0.298934 0.468932
vt 0.312203 0.468035
vt 0.388598 0.751235
vt 0.188572 0.751235
vt 0.188109 0.718150
vt 0.388136 0.718150
vt 0.603803 0.429487
vt 0.294563 0.438967
vt 0.603904 0.429828
vt 0.294663 0.439306
vt 0.603990 0.430108
vt 0.294749 0.439584
vt 0.059724 0.356768
vt 0.365502 0.365039
vt 0.365727 0.371849
s 1
usemtl Wood_Texture
f 1/1/1 2/2/1 4/3/1 3/4/1 9/5/1 13/6/1 15/7/1 14/8/1 12/9/1 11/10/1 10/11/1 16/12/1 17/13/1 19/14/1 18/15/1 5/16/1 6/17/1 8/18/1 7/19/1
f 20/20/2 30/21/2 31/22/2 29/23/2 28/24/2 32/25/2 33/26/2 35/27/2 34/28/2 26/29/2 27/30/2 25/31/2 24/32/2 22/33/2 23/34/2 21/35/2
f 43/36/3 36/37/4 26/38/5 34/39/6
f 26/40/5 36/41/4 37/42/7 27/43/8
f 27/43/8 37/42/7 38/44/9 25/45/10
f 25/45/10 38/44/9 39/46/11 24/47/12
f 57/48/13 22/49/14 24/47/12 39/46/11
f 32/50/15 40/51/16 41/52/17 33/53/18
f 33/53/18 41/52/17 42/54/19 35/55/20
f 35/55/20 42/54/19 43/36/3 34/39/6
f 16/56/21 45/57/22 46/58/23 17/59/24
f 17/59/24 46/58/23 47/60/25 19/61/26
f 19/61/26 47/60/25 48/62/27 18/63/28
f 48/62/27 66/64/29 5/65/30 18/63/28
f 9/66/31 49/67/32 51/68/33 13/69/34
f 13/69/34 51/68/33 52/70/35 15/71/36
f 15/71/36 52/70/35 53/72/37 14/73/38
f 14/73/38 53/72/37 54/74/39 12/75/40
f 12/75/40 54/74/39 55/76/41 11/77/42
f 11/77/42 55/76/41 56/78/43 10/79/44
f 22/80/14 57/81/13 58/82/45 23/83/46
f 23/83/46 58/82/45 59/84/47 21/85/48
f 21/85/48 59/84/47 60/86/49 20/87/50
f 60/86/49 71/88/51 30/89/52 20/87/50
f 1/90/53 62/91/54 63/92/55 2/93/56
f 2/93/56 63/92/55 64/94/57 4/95/58
f 4/95/58 64/94/57 65/96/59 3/97/60
f 65/96/59 49/98/32 9/99/31 3/97/60
f 5/100/30 66/101/29 67/102/61 6/103/62
f 6/103/62 67/102/61 68/104/63 8/105/64
f 8/105/64 68/104/63 69/106/65 7/107/66
f 30/108/52 71/109/51 72/110/67 31/111/68
f 31/111/68 72/110/67 73/112/69 29/113/70
f 29/113/70 73/112/69 74/114/71 28/115/72
f 74/114/71 40/116/16 32/117/15 28/115/72
f 66/101/29 103/118/73 104/119/74 67/102/61
f 67/102/61 104/119/74 105/120/75 68/104/63
f 68/104/63 105/120/75 106/121/76 69/106/65
f 49/98/32 65/96/59 102/122/77 87/123/78
f 102/122/77 65/96/59 64/94/57 101/124/79
f 101/124/79 64/94/57 63/92/55 100/125/80
f 100/125/80 63/92/55 62/91/54 99/126/81
f 61/127/82 70/128/82 69/106/65 106/121/76 99/129/81 62/130/54
f 49/67/32 87/131/78 89/132/83 51/68/33
f 51/68/33 89/132/83 90/133/84 52/70/35
f 52/70/35 90/133/84 91/134/85 53/72/37
f 53/72/37 91/134/85 92/135/86 54/74/39
f 54/74/39 92/135/86 93/136/87 55/76/41
f 55/76/41 93/136/87 94/137/88 56/78/43
f 56/78/43 94/137/88 88/138/89 50/139/90
f 66/64/29 48/62/27 86/140/91 103/141/73
f 86/140/91 48/62/27 47/60/25 85/142/92
f 85/142/92 47/60/25 46/58/23 84/143/93
f 84/143/93 46/58/23 45/57/22 83/144/94
f 44/145/95 50/139/90 88/138/89 83/146/94 45/147/22
f 71/109/51 107/148/96 108/149/85 72/110/67
f 72/110/67 108/149/85 109/150/86 73/112/69
f 73/112/69 109/150/86 110/151/97 74/114/71
f 110/151/97 79/152/98 40/116/16 74/114/71
f 75/153/99 36/37/4 43/36/3 82/154/100
f 82/154/100 43/36/3 42/54/19 81/155/92
f 81/155/92 42/54/19 41/52/17 80/156/93
f 80/156/93 41/52/17 40/51/16 79/157/98
f 36/41/4 75/158/99 76/159/74 37/42/7
f 37/42/7 76/159/74 77/160/75 38/44/9
f 38/44/9 77/160/75 78/161/101 39/46/11
f 71/88/51 60/86/49 98/162/102 107/163/96
f 98/162/102 60/86/49 59/84/47 97/164/79
f 97/164/79 59/84/47 58/82/45 96/165/80
f 96/165/80 58/82/45 57/81/13 95/166/103
f 57/48/13 39/46/11 78/161/101 95/167/103
f 83/146/94 88/138/89 124/168/104 119/169/105
f 82/154/100 81/155/92 117/170/106 118/171/107
f 84/143/93 83/144/94 119/172/105 120/173/108
f 99/129/81 106/121/76 142/174/109 135/175/110
f 102/122/77 138/176/111 123/177/112 87/123/78
f 81/155/92 80/156/93 116/178/108 117/170/106
f 89/132/83 87/131/78 123/179/112 125/180/113
f 104/119/74 103/118/73 139/181/114 140/182/115
f 98/162/102 97/164/79 133/183/116 134/184/117
f 80/156/93 79/157/98 115/185/118 116/178/108
f 90/133/84 89/132/83 125/180/113 126/186/119
f 105/120/75 104/119/74 140/182/115 141/187/120
f 97/164/79 96/165/80 132/188/121 133/183/116
f 91/134/85 90/133/84 126/186/119 127/189/122
f 106/121/76 105/120/75 141/187/120 142/174/109
f 96/165/80 95/166/103 131/190/110 132/188/121
f 92/135/86 91/134/85 127/189/122 128/191/123
f 10/79/44 56/78/43 44/145/95 45/147/22 16/192/21
f 95/167/103 78/161/101 114/193/109 131/194/110
f 75/153/99 82/154/100 118/171/107 111/195/114
f 108/149/85 107/148/96 143/196/124 144/197/122
f 93/136/87 92/135/86 128/191/123 129/198/125
f 109/150/86 108/149/85 144/197/122 145/199/123
f 94/137/88 93/136/87 129/198/125 130/200/126
f 76/159/74 75/158/99 111/201/114 112/202/115
f 110/151/97 109/150/86 145/199/123 146/203/127
f 88/138/89 94/137/88 130/200/126 124/168/104
f 77/160/75 76/159/74 112/202/115 113/204/120
f 110/151/97 146/203/127 115/205/118 79/152/98
f 103/141/73 86/140/91 122/206/107 139/207/114
f 102/122/77 101/124/79 137/208/116 138/176/111
f 78/161/101 77/160/75 113/204/120 114/193/109
f 101/124/79 100/125/80 136/209/121 137/208/116
f 70/128/82 61/127/82 62/130/54 1/210/53 7/107/66 69/106/65
f 86/140/91 85/142/92 121/211/106 122/206/107
f 100/125/80 99/126/81 135/212/110 136/209/121
f 85/142/92 84/143/93 120/173/108 121/211/106
f 107/163/96 98/162/102 134/184/117 143/213/124
f 139/214/128 122/215/128 121/216/128 120/217/128 119/218/128 124/219/128 130/220/128 129/221/128 128/222/128 127/223/128 126/224/128 125/225/128 123/226/128 138/227/128 137/228/128 136/229/128 135/230/128 142/231/128 141/232/128 140/233/128
f 143/234/128 134/235/128 133/236/128 132/237/128 131/238/128 114/239/128 113/240/128 112/241/128 111/242/128 118/243/128 117/244/128 116/245/128 115/246/128 146/247/128 145/248/128 144/249/128
f 148/250/129 149/251/130 151/252/131 150/253/132
f 149/251/130 155/254/133 156/255/134 151/252/131
f 152/256/135 154/257/136 153/258/137 147/259/138
f 153/258/137 154/257/136 156/255/134 155/254/133
f 150/253/132 158/260/139 157/261/140 148/250/129
f 157/261/140 158/260/139 160/262/141 159/263/142
f 166/264/143 165/265/144 161/266/145 163/267/146
f 161/266/145 162/268/147 164/269/148 163/267/146
f 162/268/147 159/263/142 160/262/141 164/269/148
f 165/265/144 166/264/143 168/270/149 167/271/150
f 147/259/138 1398/272/151 1400/273/151 1401/274/151 1399/275/151 169/276/152 171/277/153 172/278/154 173/279/155 168/270/149 166/264/143 163/267/146 164/269/148 160/262/141 158/260/139 150/253/132 151/252/131 156/255/134 154/257/136 152/256/135
f 169/276/152 172/278/154 171/277/153
f 169/276/152 170/280/156 173/279/155 172/278/154
f 170/280/156 167/271/150 168/270/149 173/279/155
f 174/281/2 184/282/2 185/283/2 183/284/2 182/285/2 186/286/2 187/287/2 189/288/2 188/289/2 178/290/2 179/291/2 181/292/2 180/293/2 176/294/2 177/295/2 175/296/2
f 190/297/157 201/298/158 178/299/159 188/300/160
f 178/301/159 201/302/158 200/303/161 179/304/162
f 179/304/162 200/303/161 199/305/163 181/306/164
f 181/306/164 199/305/163 198/307/165 180/308/166
f 198/307/165 205/309/167 176/310/168 180/308/166
f 176/311/168 205/312/167 204/313/169 177/314/170
f 177/314/170 204/313/169 203/315/171 175/316/172
f 175/316/172 203/315/171 202/317/173 174/318/174
f 1394/319/175 209/320/176 169/321/177 1399/322/178
f 169/323/177 209/324/176 208/325/179 170/326/180
f 170/326/180 208/325/179 207/327/181 167/328/182
f 167/328/182 207/327/181 206/329/183 165/330/184
f 206/329/183 213/331/185 161/332/186 165/330/184
f 148/333/187 217/334/188 216/335/189 149/336/190
f 149/336/190 216/335/189 215/337/191 155/338/192
f 155/338/192 215/337/191 214/339/193 153/340/194
f 161/341/186 213/342/185 212/343/195 162/344/196
f 162/344/196 212/343/195 211/345/197 159/346/198
f 159/346/198 211/345/197 210/347/199 157/348/200
f 210/347/199 217/349/188 148/350/187 157/348/200
f 202/317/173 197/351/201 184/352/202 174/318/174
f 184/353/202 197/354/201 196/355/203 185/356/204
f 185/356/204 196/355/203 195/357/205 183/358/206
f 183/358/206 195/357/205 194/359/207 182/360/208
f 194/359/207 193/361/209 186/362/210 182/360/208
f 186/363/210 193/364/209 192/365/211 187/366/212
f 187/366/212 192/365/211 191/367/213 189/368/214
f 189/368/214 191/367/213 190/297/157 188/300/160
f 241/369/215 219/370/216 240/371/217 243/372/218
f 243/372/218 240/371/217 239/373/219 244/374/220
f 244/374/220 239/373/219 238/375/221 245/376/222
f 245/376/222 238/375/221 237/377/223 246/378/224
f 246/378/224 237/377/223 236/379/225 247/380/226
f 247/380/226 236/379/225 235/381/227 248/382/228
f 248/382/228 235/381/227 234/383/229 249/384/230
f 249/384/230 234/383/229 233/385/231 250/386/232
f 250/386/232 233/385/231 232/387/233 251/388/234
f 251/388/234 232/387/233 231/389/235 252/390/236
f 252/390/236 231/389/235 230/391/237 253/392/238
f 253/392/238 230/391/237 229/393/239 254/394/240
f 254/395/240 229/396/239 228/397/241 255/398/242
f 255/398/242 228/397/241 227/399/243 256/400/244
f 256/400/244 227/399/243 226/401/245 257/402/246
f 257/402/246 226/401/245 225/403/247 258/404/248
f 258/404/248 225/403/247 224/405/249 259/406/250
f 259/406/250 224/405/249 223/407/251 260/408/252
f 260/408/252 223/407/251 222/409/253 261/410/254
f 261/410/254 222/409/253 221/411/255 262/412/256
f 262/412/256 221/411/255 220/413/257 263/414/258
f 263/414/258 220/413/257 218/415/259 242/416/260
f 264/417/261 288/418/262 309/419/263 266/420/264
f 266/420/264 309/419/263 308/421/265 267/422/266
f 267/422/266 308/421/265 307/423/267 268/424/268
f 268/424/268 307/423/267 306/425/269 269/426/270
f 269/426/270 306/425/269 305/427/271 270/428/272
f 270/428/272 305/427/271 304/429/273 271/430/274
f 271/430/274 304/429/273 303/431/275 272/432/276
f 272/432/276 303/431/275 302/433/277 273/434/278
f 273/434/278 302/433/277 301/435/279 274/436/280
f 274/436/280 301/435/279 300/437/281 275/438/282
f 275/438/282 300/437/281 299/439/283 276/440/284
f 276/440/284 299/439/283 298/441/285 277/442/286
f 277/442/286 298/441/285 297/443/287 278/444/288
f 278/445/288 297/446/287 296/447/289 279/448/290
f 279/448/290 296/447/289 295/449/291 280/450/292
f 280/450/292 295/449/291 294/451/293 281/452/294
f 281/452/294 294/451/293 293/453/295 282/454/296
f 282/454/296 293/453/295 292/455/297 283/456/298
f 283/456/298 292/455/297 291/457/299 284/458/300
f 284/458/300 291/457/299 290/459/301 285/460/302
f 285/460/302 290/459/301 289/461/303 286/462/304
f 286/462/304 289/461/303 287/463/305 265/464/306
f 310/465/307 334/466/308 355/467/309 312/468/310
f 312/468/310 355/467/309 354/469/311 313/470/312
f 313/470/312 354/469/311 353/471/313 314/472/314
f 314/472/314 353/471/313 352/473/315 315/474/316
f 315/474/316 352/473/315 351/475/317 316/476/318
f 316/476/318 351/475/317 350/477/319 317/478/320
f 317/478/320 350/477/319 349/479/321 318/480/322
f 318/480/322 349/479/321 348/481/323 319/482/324
f 319/482/324 348/481/323 347/483/325 320/484/326
f 320/484/326 347/483/325 346/485/327 321/486/328
f 321/486/328 346/485/327 345/487/329 322/488/330
f 322/488/330 345/487/329 344/489/331 323/490/332
f 323/490/332 344/489/331 343/491/333 324/492/334
f 324/493/334 343/494/333 342/495/335 325/496/336
f 325/496/336 342/495/335 341/497/337 326/498/338
f 326/498/338 341/497/337 340/499/339 327/500/340
f 327/500/340 340/499/339 339/501/341 328/502/342
f 328/502/342 339/501/341 338/503/343 329/504/344
f 329/504/344 338/503/343 337/505/345 330/506/346
f 330/506/346 337/505/345 336/507/347 331/508/348
f 331/508/348 336/507/347 335/509/349 332/510/350
f 332/510/350 335/509/349 333/511/351 311/512/352
f 379/513/353 357/514/354 378/515/355 381/516/356
f 381/516/356 378/515/355 377/517/357 382/518/358
f 382/518/358 377/517/357 376/519/359 383/520/360
f 383/520/360 376/519/359 375/521/361 384/522/362
f 384/522/362 375/521/361 374/523/363 385/524/364
f 385/524/364 374/523/363 373/525/365 386/526/366
f 386/526/366 373/525/365 372/527/367 387/528/368
f 387/528/368 372/527/367 371/529/369 388/530/370
f 388/530/370 371/529/369 370/531/371 389/532/372
f 389/532/372 370/531/371 369/533/373 390/534/374
f 390/534/374 369/533/373 368/535/375 391/536/376
f 391/536/376 368/535/375 367/537/377 392/538/378
f 392/538/378 367/537/377 366/539/379 393/540/380
f 393/541/380 366/542/379 365/543/381 394/544/382
f 394/544/382 365/543/381 364/545/383 395/546/384
f 395/547/384 364/548/383 363/549/385 396/550/386
f 396/550/386 363/549/385 362/551/387 397/552/388
f 397/552/388 362/551/387 361/553/389 398/554/390
f 398/554/390 361/553/389 360/555/391 399/556/392
f 399/556/392 360/555/391 359/557/393 400/558/394
f 400/558/394 359/557/393 358/559/395 401/560/396
f 401/560/396 358/559/395 356/561/397 380/562/398
f 218/415/259 311/512/352 333/511/351 242/416/260
f 287/463/305 380/562/398 356/561/397 265/464/306
f 435/563/399 498/564/399 500/565/400 465/566/400
f 465/566/400 500/565/400 501/567/401 464/568/402
f 464/568/402 501/567/401 502/569/403 463/570/403
f 463/570/403 502/569/403 503/571/404 462/572/404
f 462/572/404 503/571/404 504/573/405 461/574/406
f 461/574/406 504/573/405 505/575/407 460/576/407
f 460/576/407 505/575/407 506/577/408 459/578/408
f 459/578/408 506/577/408 507/579/409 458/580/409
f 458/580/409 507/579/409 508/581/410 457/582/410
f 457/582/410 508/581/410 509/583/411 456/584/411
f 456/584/411 509/583/411 510/585/412 455/586/412
f 455/586/412 510/585/412 511/587/413 454/588/413
f 454/588/413 511/587/413 512/589/414 453/590/414
f 453/590/414 512/589/414 513/591/415 452/592/415
f 452/592/415 513/591/415 514/593/416 451/594/416
f 451/594/416 514/593/416 515/595/417 450/596/417
f 450/596/417 515/595/417 516/597/418 449/598/418
f 449/598/418 516/597/418 517/599/419 448/600/419
f 448/600/419 517/599/419 518/601/420 447/602/420
f 447/602/420 518/601/420 519/603/421 446/604/421
f 446/604/421 519/603/421 520/605/422 445/606/422
f 445/606/422 520/605/422 521/607/423 444/608/423
f 444/608/423 521/607/423 522/609/424 443/610/424
f 443/610/424 522/609/424 523/611/425 442/612/425
f 442/612/425 523/611/425 524/613/426 441/614/426
f 441/614/426 524/613/426 525/615/427 440/616/427
f 440/616/427 525/615/427 526/617/428 439/618/429
f 439/618/429 526/617/428 527/619/430 438/620/431
f 438/620/431 527/619/430 528/621/432 437/622/432
f 437/622/432 528/621/432 529/623/433 436/624/434
f 436/624/434 529/623/433 499/625/435 434/626/435
f 403/627/436 466/628/436 468/629/437 433/630/438
f 433/630/438 468/629/437 469/631/439 432/632/439
f 432/632/439 469/631/439 470/633/440 431/634/441
f 431/634/441 470/633/440 471/635/442 430/636/443
f 430/636/443 471/635/442 472/637/444 429/638/444
f 429/638/444 472/637/444 473/639/445 428/640/445
f 428/640/445 473/639/445 474/641/446 427/642/446
f 427/642/446 474/641/446 475/643/447 426/644/447
f 426/644/447 475/643/447 476/645/448 425/646/448
f 425/646/448 476/645/448 477/647/449 424/648/449
f 424/648/449 477/647/449 478/649/450 423/650/450
f 423/650/450 478/649/450 479/651/451 422/652/451
f 422/652/451 479/651/451 480/653/452 421/654/452
f 421/654/452 480/653/452 481/655/453 420/656/453
f 420/656/453 481/655/453 482/657/454 419/658/454
f 419/658/454 482/657/454 483/659/455 418/660/455
f 418/660/455 483/659/455 484/661/456 417/662/456
f 417/662/456 484/661/456 485/663/457 416/664/457
f 416/664/457 485/663/457 486/665/458 415/666/458
f 415/666/458 486/665/458 487/667/459 414/668/459
f 414/668/459 487/667/459 488/669/460 413/670/460
f 413/670/460 488/669/460 489/671/461 412/672/461
f 412/672/461 489/671/461 490/673/462 411/674/462
f 411/674/462 490/673/462 491/675/463 410/676/463
f 410/676/463 491/675/463 492/677/464 409/678/464
f 409/678/464 492/677/464 493/679/465 408/680/466
f 408/680/466 493/679/465 494/681/467 407/682/467
f 407/682/467 494/681/467 495/683/468 406/684/468
f 406/684/468 495/683/468 496/685/469 405/686/469
f 405/686/469 496/685/469 497/687/470 404/688/470
f 404/688/470 497/687/470 467/689/471 402/690/471
f 498/691/472 467/692/473 497/693/474 500/694/475
f 500/694/475 497/693/474 496/695/476 501/696/476
f 501/696/476 496/695/476 495/697/477 502/698/477
f 502/698/477 495/697/477 494/699/478 503/700/478
f 503/700/478 494/699/478 493/701/479 504/702/479
f 504/702/479 493/701/479 492/703/480 505/704/481
f 505/704/481 492/703/480 491/705/482 506/706/482
f 506/706/482 491/705/482 490/707/483 507/708/483
f 507/708/483 490/707/483 489/709/484 508/710/484
f 508/710/484 489/709/484 488/711/485 509/712/485
f 509/712/485 488/711/485 487/713/486 510/714/486
f 510/714/486 487/713/486 486/715/487 511/716/487
f 511/716/487 486/715/487 485/717/488 512/718/488
f 512/718/488 485/717/488 484/719/489 513/720/489
f 513/720/489 484/719/489 483/721/490 514/722/490
f 514/722/490 483/721/490 482/723/491 515/724/491
f 515/724/491 482/723/491 481/725/492 516/726/492
f 516/726/492 481/725/492 480/727/493 517/728/493
f 517/728/493 480/727/493 479/729/494 518/730/494
f 518/730/494 479/729/494 478/731/495 519/732/495
f 519/732/495 478/731/495 477/733/496 520/734/496
f 520/734/496 477/733/496 476/735/497 521/736/497
f 521/736/497 476/735/497 475/737/498 522/738/498
f 522/738/498 475/737/498 474/739/499 523/740/499
f 523/740/499 474/739/499 473/741/500 524/742/500
f 524/742/500 473/741/500 472/743/501 525/744/501
f 525/744/501 472/743/501 471/745/502 526/746/502
f 526/746/502 471/745/502 470/747/503 527/748/503
f 527/748/503 470/747/503 469/749/504 528/750/505
f 528/750/505 469/749/504 468/751/506 529/752/506
f 529/752/506 468/751/506 466/753/507 499/754/507
f 434/755/508 403/756/508 433/757/509 436/758/509
f 436/758/509 433/757/509 432/759/510 437/760/511
f 437/760/511 432/759/510 431/761/512 438/762/512
f 438/762/512 431/761/512 430/763/513 439/764/513
f 439/764/513 430/763/513 429/765/514 440/766/514
f 440/766/514 429/765/514 428/767/515 441/768/515
f 441/768/515 428/767/515 427/769/516 442/770/516
f 442/770/516 427/769/516 426/771/517 443/772/517
f 443/772/517 426/771/517 425/773/518 444/774/518
f 444/774/518 425/773/518 424/775/519 445/776/519
f 445/776/519 424/775/519 423/777/520 446/778/520
f 446/778/520 423/777/520 422/779/521 447/780/521
f 447/780/521 422/779/521 421/781/522 448/782/522
f 448/782/522 421/781/522 420/783/523 449/784/523
f 449/784/523 420/783/523 419/785/524 450/786/524
f 450/786/524 419/785/524 418/787/525 451/788/525
f 451/788/525 418/787/525 417/789/526 452/790/526
f 452/790/526 417/789/526 416/791/527 453/792/527
f 453/792/527 416/791/527 415/793/528 454/794/528
f 454/794/528 415/793/528 414/795/529 455/796/529
f 455/796/529 414/795/529 413/797/530 456/798/530
f 456/798/530 413/797/530 412/799/531 457/800/531
f 457/800/531 412/799/531 411/801/532 458/802/532
f 458/802/532 411/801/532 410/803/533 459/804/533
f 459/804/533 410/803/533 409/805/534 460/806/535
f 460/806/535 409/805/534 408/807/536 461/808/536
f 461/808/536 408/807/536 407/809/537 462/810/537
f 462/810/537 407/809/537 406/811/538 463/812/538
f 463/812/538 406/811/538 405/813/539 464/814/539
f 464/814/539 405/813/539 404/815/540 465/816/541
f 465/816/541 404/815/540 402/817/542 435/818/543
f 403/627/436 288/418/262 264/417/261 466/628/436
f 241/369/215 402/690/471 467/689/471 219/370/216
f 403/756/508 434/755/508 379/819/544 381/820/544 382/821/544 383/822/544 384/823/544 385/824/544 386/825/544 387/826/544 388/827/544 389/828/544 390/829/544 391/830/544 392/831/544 393/832/544 394/833/544 395/834/544 396/835/544 397/836/544 398/837/544 399/838/544 400/839/544 401/840/544 380/841/544 287/842/544 289/843/544 290/844/544 291/845/544 292/846/544 293/847/544 294/848/544 295/849/544 296/850/544 297/851/544 298/852/544 299/853/544 300/854/544 301/855/544 302/856/544 303/857/544 304/858/544 305/859/544 306/860/544 307/861/544 308/862/544 309/863/544 288/864/544
f 241/865/545 243/866/545 244/867/545 245/868/545 246/869/545 247/870/545 248/871/545 249/872/545 250/873/545 251/874/545 252/875/545 253/876/545 254/877/545 255/878/545 256/879/545 257/880/545 258/881/545 259/882/545 260/883/545 261/884/545 262/885/545 263/886/545 242/887/545 333/888/545 335/889/545 336/890/545 337/891/545 338/892/545 339/893/545 340/894/545 341/895/545 342/896/545 343/897/545 344/898/545 345/899/545 346/900/545 347/901/545 348/902/545 349/903/545 350/904/545 351/905/545 352/906/545 353/907/545 354/908/545 355/909/545 334/910/545 435/818/543 402/817/542
f 379/513/353 434/626/435 499/625/435 357/514/354
f 435/563/399 334/466/308 310/465/307 498/564/399
f 467/692/473 498/691/472 310/911/546 312/912/546 313/913/546 314/914/546 315/915/546 316/916/546 317/917/546 318/918/546 319/919/546 320/920/546 321/921/546 322/922/546 323/923/546 324/924/546 325/925/546 326/926/546 327/927/546 328/928/546 329/929/546 330/930/546 331/931/546 332/932/546 311/933/546 218/934/546 220/935/546 221/936/546 222/937/546 223/938/546 224/939/546 225/940/546 226/941/546 227/942/546 228/943/546 229/944/546 230/945/546 231/946/546 232/947/546 233/948/546 234/949/546 235/950/546 236/951/546 237/952/546 238/953/546 239/954/546 240/955/546 219/956/546
f 264/957/547 266/958/547 267/959/547 268/960/547 269/961/547 270/962/547 271/963/547 272/964/547 273/965/547 274/966/547 275/967/547 276/968/547 277/969/547 278/970/547 279/971/547 280/972/547 281/973/547 282/974/547 283/975/547 284/976/547 285/977/547 286/978/547 265/979/547 356/980/547 358/981/547 359/982/547 360/983/547 361/984/547 362/985/547 363/986/547 364/987/547 365/988/547 366/989/547 367/990/547 368/991/547 369/992/547 370/993/547 371/994/547 372/995/547 373/996/547 374/997/547 375/998/547 376/999/547 377/1000/547 378/1001/547 357/1002/547 499/754/507 466/753/507
f 533/1003/128 535/1004/128 531/1005/128 825/1006/128
f 531/1007/548 535/1008/548 534/1009/548 530/1010/548
f 1386/1011/549 1310/1012/550 1306/1013/551 1390/1014/552
f 825/1015/553 531/1016/553 530/1017/553 824/1018/553
f 533/1019/554 825/1020/554 824/1021/554 532/1022/554
f 536/1023/553 538/1024/553 539/1025/553 537/1026/553
f 538/1027/548 542/1028/548 543/1029/548 539/1030/548
f 542/1031/555 540/1032/555 541/1033/555 543/1034/555
f 540/1035/554 536/1036/554 537/1037/554 541/1038/554
f 538/1039/128 536/1040/128 540/1041/128 542/1042/128
f 543/1043/2 541/1044/2 537/1045/2 539/1046/2
f 544/1047/548 545/1048/548 547/1049/548 546/1050/548
f 546/1051/553 547/1052/553 551/1053/553 550/1054/553
f 550/1055/554 551/1056/554 549/1057/554 548/1058/554
f 548/1059/555 549/1060/555 545/1061/555 544/1062/555
f 546/1063/128 550/1064/128 548/1065/128 544/1066/128
f 551/1067/2 547/1068/2 545/1069/2 549/1070/2
f 552/1071/554 554/1072/554 555/1073/554 553/1074/554
f 554/1075/553 558/1076/553 559/1077/553 555/1078/553
f 558/1079/548 556/1080/548 557/1081/548 559/1082/548
f 556/1083/555 552/1084/555 553/1085/555 557/1086/555
f 554/1087/128 552/1088/128 556/1089/128 558/1090/128
f 559/1091/2 557/1092/2 553/1093/2 555/1094/2
f 1349/1095/556 1348/1096/557 565/1097/558 564/1098/559
f 1348/1096/557 1347/1099/560 566/1100/561 565/1097/558
f 1068/1101/562 1260/1102/563 1261/1103/564 1069/1104/565
f 1353/1105/566 732/1106/567 733/1107/568 1352/1108/569
f 1351/1109/570 1352/1108/569 733/1107/568 734/1110/571
f 1353/1105/566 1302/1111/572 990/1112/573 998/1113/574 1002/1114/575 1006/1115/576 1010/1116/577 1014/1117/578 1018/1118/579 1022/1119/580 1026/1120/581 1030/1121/582 1034/1122/583 1038/1123/584 1042/1124/585 1046/1125/586 1050/1126/587 1054/1127/588 1058/1128/589 1062/1129/590 994/1130/591 648/1131/592 652/1132/593 656/1133/594 660/1134/595 664/1135/596 668/1136/597 672/1137/598 676/1138/599 680/1139/600 684/1140/601 688/1141/602 692/1142/603 696/1143/604 700/1144/605 704/1145/606 708/1146/607 712/1147/608 716/1148/609 720/1149/610 724/1150/611 728/1151/612 732/1106/567
f 564/1098/559 565/1097/558 569/1152/613 568/1153/614
f 565/1097/558 566/1100/561 570/1154/615 569/1152/613
f 566/1155/561 567/1156/616 571/1157/617 570/1158/615
f 567/1159/616 735/1160/618 731/1161/619 571/1162/617
f 728/1151/612 729/1163/620 733/1107/568 732/1106/567
f 729/1163/620 730/1164/621 734/1110/571 733/1107/568
f 730/1165/621 731/1161/619 735/1160/618 734/1166/571
f 568/1153/614 569/1152/613 573/1167/622 572/1168/623
f 569/1152/613 570/1154/615 574/1169/624 573/1167/622
f 570/1158/615 571/1157/617 575/1170/625 574/1171/624
f 571/1157/617 731/1172/619 727/1173/626 575/1170/625
f 724/1150/611 725/1174/627 729/1163/620 728/1151/612
f 725/1174/627 726/1175/628 730/1164/621 729/1163/620
f 726/1176/628 727/1173/626 731/1172/619 730/1177/621
f 572/1168/623 573/1167/622 577/1178/629 576/1179/630
f 573/1167/622 574/1169/624 578/1180/631 577/1178/629
f 574/1171/624 575/1170/625 579/1181/632 578/1182/631
f 575/1170/625 727/1173/626 723/1183/633 579/1181/632
f 720/1149/610 721/1184/634 725/1174/627 724/1150/611
f 721/1184/634 722/1185/635 726/1175/628 725/1174/627
f 722/1186/635 723/1183/633 727/1173/626 726/1176/628
f 576/1179/630 577/1178/629 581/1187/636 580/1188/637
f 577/1178/629 578/1180/631 582/1189/638 581/1187/636
f 578/1182/631 579/1181/632 583/1190/639 582/1191/638
f 579/1181/632 723/1183/633 719/1192/640 583/1190/639
f 716/1148/609 717/1193/641 721/1184/634 720/1149/610
f 717/1193/641 718/1194/642 722/1185/635 721/1184/634
f 718/1195/642 719/1192/640 723/1183/633 722/1186/635
f 580/1188/637 581/1187/636 585/1196/643 584/1197/644
f 581/1187/636 582/1189/638 586/1198/645 585/1196/643
f 582/1191/638 583/1190/639 587/1199/646 586/1200/645
f 583/1190/639 719/1192/640 715/1201/647 587/1199/646
f 712/1147/608 713/1202/648 717/1193/641 716/1148/609
f 713/1202/648 714/1203/649 718/1194/642 717/1193/641
f 714/1204/649 715/1201/647 719/1192/640 718/1195/642
f 584/1197/644 585/1196/643 589/1205/650 588/1206/651
f 585/1196/643 586/1198/645 590/1207/652 589/1205/650
f 586/1200/645 587/1199/646 591/1208/653 590/1209/652
f 587/1199/646 715/1201/647 711/1210/654 591/1208/653
f 708/1146/607 709/1211/655 713/1202/648 712/1147/608
f 709/1211/655 710/1212/656 714/1203/649 713/1202/648
f 710/1213/656 711/1210/654 715/1201/647 714/1204/649
f 588/1206/651 589/1205/650 593/1214/657 592/1215/658
f 589/1205/650 590/1207/652 594/1216/659 593/1214/657
f 590/1209/652 591/1208/653 595/1217/660 594/1218/659
f 591/1208/653 711/1210/654 707/1219/661 595/1217/660
f 704/1145/606 705/1220/662 709/1211/655 708/1146/607
f 705/1220/662 706/1221/663 710/1212/656 709/1211/655
f 706/1222/663 707/1219/661 711/1210/654 710/1213/656
f 592/1215/658 593/1214/657 597/1223/664 596/1224/665
f 593/1225/657 594/1218/659 598/1226/666 597/1227/664
f 594/1218/659 595/1217/660 599/1228/667 598/1226/666
f 595/1217/660 707/1219/661 703/1229/668 599/1228/667
f 700/1144/605 701/1230/669 705/1220/662 704/1145/606
f 701/1230/669 702/1231/670 706/1221/663 705/1220/662
f 702/1232/670 703/1229/668 707/1219/661 706/1222/663
f 596/1224/665 597/1223/664 601/1233/671 600/1234/672
f 597/1227/664 598/1226/666 602/1235/673 601/1236/671
f 598/1226/666 599/1228/667 603/1237/674 602/1235/673
f 599/1228/667 703/1229/668 699/1238/675 603/1237/674
f 696/1143/604 697/1239/676 701/1230/669 700/1144/605
f 697/1240/676 698/1241/677 702/1232/670 701/1242/669
f 698/1241/677 699/1238/675 703/1229/668 702/1232/670
f 600/1234/672 601/1233/671 605/1243/678 604/1244/679
f 601/1236/671 602/1235/673 606/1245/680 605/1246/678
f 602/1235/673 603/1237/674 607/1247/681 606/1245/680
f 603/1237/674 699/1238/675 695/1248/682 607/1247/681
f 692/1142/603 693/1249/683 697/1239/676 696/1143/604
f 693/1250/683 694/1251/684 698/1241/677 697/1240/676
f 694/1251/684 695/1248/682 699/1238/675 698/1241/677
f 604/1244/679 605/1243/678 609/1252/685 608/1253/686
f 605/1246/678 606/1245/680 610/1254/687 609/1255/685
f 606/1245/680 607/1247/681 611/1256/688 610/1254/687
f 607/1247/681 695/1248/682 691/1257/689 611/1256/688
f 688/1141/602 689/1258/690 693/1249/683 692/1142/603
f 689/1259/690 690/1260/691 694/1251/684 693/1250/683
f 690/1260/691 691/1257/689 695/1248/682 694/1251/684
f 608/1253/686 609/1252/685 613/1261/692 612/1262/693
f 609/1255/685 610/1254/687 614/1263/694 613/1264/692
f 610/1254/687 611/1256/688 615/1265/695 614/1263/694
f 611/1256/688 691/1257/689 687/1266/696 615/1265/695
f 684/1140/601 685/1267/697 689/1258/690 688/1141/602
f 685/1268/697 686/1269/698 690/1260/691 689/1259/690
f 686/1269/698 687/1266/696 691/1257/689 690/1260/691
f 612/1262/693 613/1261/692 617/1270/699 616/1271/700
f 613/1264/692 614/1263/694 618/1272/701 617/1273/699
f 614/1263/694 615/1265/695 619/1274/702 618/1272/701
f 615/1265/695 687/1266/696 683/1275/703 619/1274/702
f 680/1139/600 681/1276/704 685/1267/697 684/1140/601
f 681/1277/704 682/1278/705 686/1269/698 685/1268/697
f 682/1278/705 683/1275/703 687/1266/696 686/1269/698
f 616/1271/700 617/1270/699 621/1279/706 620/1280/707
f 617/1273/699 618/1272/701 622/1281/708 621/1282/706
f 618/1272/701 619/1274/702 623/1283/709 622/1281/708
f 619/1274/702 683/1275/703 679/1284/710 623/1283/709
f 676/1138/599 677/1285/711 681/1276/704 680/1139/600
f 677/1286/711 678/1287/712 682/1278/705 681/1277/704
f 678/1287/712 679/1284/710 683/1275/703 682/1278/705
f 620/1280/707 621/1279/706 625/1288/713 624/1289/714
f 621/1282/706 622/1281/708 626/1290/715 625/1291/713
f 622/1281/708 623/1283/709 627/1292/716 626/1290/715
f 623/1283/709 679/1284/710 675/1293/717 627/1292/716
f 672/1137/598 673/1294/718 677/1285/711 676/1138/599
f 673/1295/718 674/1296/719 678/1287/712 677/1286/711
f 674/1296/719 675/1293/717 679/1284/710 678/1287/712
f 624/1289/714 625/1288/713 629/1297/720 628/1298/721
f 625/1291/713 626/1290/715 630/1299/722 629/1300/720
f 626/1290/715 627/1292/716 631/1301/723 630/1299/722
f 627/1292/716 675/1293/717 671/1302/724 631/1301/723
f 668/1136/597 669/1303/725 673/1294/718 672/1137/598
f 669/1304/725 670/1305/726 674/1296/719 673/1295/718
f 670/1305/726 671/1302/724 675/1293/717 674/1296/719
f 628/1298/721 629/1297/720 633/1306/727 632/1307/728
f 629/1297/720 630/1308/722 634/1309/729 633/1306/727
f 630/1299/722 631/1301/723 635/1310/730 634/1311/729
f 631/1301/723 671/1302/724 667/1312/731 635/1310/730
f 664/1135/596 665/1313/732 669/1303/725 668/1136/597
f 665/1313/732 666/1314/733 670/1315/726 669/1303/725
f 666/1316/733 667/1312/731 671/1302/724 670/1305/726
f 632/1307/728 633/1306/727 637/1317/734 636/1318/735
f 633/1306/727 634/1309/729 638/1319/736 637/1317/734
f 634/1311/729 635/1310/730 639/1320/737 638/1321/736
f 635/1310/730 667/1312/731 663/1322/738 639/1320/737
f 660/1134/595 661/1323/739 665/1313/732 664/1135/596
f 661/1323/739 662/1324/740 666/1314/733 665/1313/732
f 662/1325/740 663/1322/738 667/1312/731 666/1316/733
f 636/1318/735 637/1317/734 641/1326/741 640/1327/742
f 637/1317/734 638/1319/736 642/1328/743 641/1326/741
f 638/1321/736 639/1320/737 643/1329/744 642/1330/743
f 639/1320/737 663/1322/738 659/1331/745 643/1329/744
f 656/1133/594 657/1332/746 661/1323/739 660/1134/595
f 657/1332/746 658/1333/747 662/1324/740 661/1323/739
f 658/1334/747 659/1331/745 663/1322/738 662/1325/740
f 640/1327/742 641/1326/741 645/1335/748 644/1336/749
f 641/1326/741 642/1328/743 646/1337/750 645/1335/748
f 642/1330/743 643/1329/744 647/1338/751 646/1339/750
f 643/1329/744 659/1331/745 655/1340/752 647/1338/751
f 652/1132/593 653/1341/753 657/1332/746 656/1133/594
f 653/1341/753 654/1342/754 658/1333/747 657/1332/746
f 654/1343/754 655/1340/752 659/1331/745 658/1334/747
f 644/1336/749 645/1335/748 561/1344/755 560/1345/756
f 645/1335/748 646/1337/750 562/1346/757 561/1344/755
f 646/1339/750 647/1338/751 563/1347/758 562/1348/757
f 647/1338/751 655/1340/752 651/1349/759 563/1347/758
f 648/1131/592 649/1350/760 653/1341/753 652/1132/593
f 649/1350/760 650/1351/761 654/1342/754 653/1341/753
f 650/1352/761 651/1349/759 655/1340/752 654/1343/754
f 1393/1353/762 1392/1354/763 831/1355/764 830/1356/765
f 1392/1354/763 1391/1357/766 832/1358/767 831/1355/764
f 1260/1102/563 1256/1359/768 1257/1360/769 1261/1103/564
f 1308/1361/770 1309/1362/771 820/1363/772 821/1364/773
f 1307/1365/774 1308/1361/770 821/1364/773 822/1366/775
f 1393/1353/762 830/1356/765 834/1367/776 838/1368/777 842/1369/778 846/1370/779 850/1371/780 854/1372/781 858/1373/782 862/1374/783 866/1375/784 870/1376/785 874/1377/786 878/1378/787 882/1379/788 886/1380/789 890/1381/790 894/1382/791 898/1383/792 902/1384/793 906/1385/794 910/1386/795 826/1387/796 1142/1388/797 1150/1389/798 1154/1390/799 1158/1391/800 1162/1392/801 1166/1393/802 1170/1394/803 1174/1395/804 1178/1396/805 1182/1397/806 1186/1398/807 1190/1399/808 1194/1400/809 1198/1401/810 1202/1402/811 1206/1403/812 1210/1404/813 1214/1405/814 1146/1406/815 1262/1407/816
f 824/1408/2 530/1409/2 534/1410/2 532/1411/2
f 830/1356/765 831/1355/764 835/1412/817 834/1367/776
f 831/1355/764 832/1358/767 836/1413/818 835/1412/817
f 832/1414/767 833/1415/819 837/1416/820 836/1417/818
f 816/1418/821 817/1419/822 821/1364/773 820/1363/772
f 817/1419/822 818/1420/823 822/1366/775 821/1364/773
f 818/1421/823 819/1422/824 823/1423/825 822/1424/775
f 819/1422/824 837/1416/820 833/1415/819 823/1423/825
f 834/1367/776 835/1412/817 839/1425/826 838/1368/777
f 835/1412/817 836/1413/818 840/1426/827 839/1425/826
f 836/1417/818 837/1416/820 841/1427/828 840/1428/827
f 812/1429/829 813/1430/830 817/1419/822 816/1418/821
f 813/1430/830 814/1431/831 818/1420/823 817/1419/822
f 814/1432/831 815/1433/832 819/1422/824 818/1421/823
f 815/1433/832 841/1427/828 837/1416/820 819/1422/824
f 838/1368/777 839/1425/826 843/1434/833 842/1369/778
f 839/1425/826 840/1426/827 844/1435/834 843/1434/833
f 840/1428/827 841/1427/828 845/1436/835 844/1437/834
f 808/1438/836 809/1439/837 813/1430/830 812/1429/829
f 809/1439/837 810/1440/838 814/1431/831 813/1430/830
f 810/1441/838 811/1442/839 815/1433/832 814/1432/831
f 811/1442/839 845/1436/835 841/1427/828 815/1433/832
f 842/1369/778 843/1434/833 847/1443/840 846/1370/779
f 843/1434/833 844/1435/834 848/1444/841 847/1443/840
f 844/1437/834 845/1436/835 849/1445/842 848/1446/841
f 804/1447/843 805/1448/844 809/1439/837 808/1438/836
f 805/1449/844 806/1450/845 810/1441/838 809/1451/837
f 806/1450/845 807/1452/846 811/1442/839 810/1441/838
f 807/1452/846 849/1445/842 845/1436/835 811/1442/839
f 846/1370/779 847/1443/840 851/1453/847 850/1371/780
f 847/1443/840 848/1444/841 852/1454/848 851/1453/847
f 848/1446/841 849/1445/842 853/1455/849 852/1456/848
f 800/1457/850 801/1458/851 805/1448/844 804/1447/843
f 801/1459/851 802/1460/852 806/1450/845 805/1449/844
f 802/1460/852 803/1461/853 807/1452/846 806/1450/845
f 803/1461/853 853/1455/849 849/1445/842 807/1452/846
f 850/1371/780 851/1453/847 855/1462/854 854/1372/781
f 851/1463/847 852/1456/848 856/1464/855 855/1465/854
f 852/1456/848 853/1455/849 857/1466/856 856/1464/855
f 796/1467/857 797/1468/858 801/1458/851 800/1457/850
f 797/1469/858 798/1470/859 802/1460/852 801/1459/851
f 798/1470/859 799/1471/860 803/1461/853 802/1460/852
f 799/1471/860 857/1466/856 853/1455/849 803/1461/853
f 854/1372/781 855/1462/854 859/1472/861 858/1373/782
f 855/1465/854 856/1464/855 860/1473/862 859/1474/861
f 856/1464/855 857/1466/856 861/1475/863 860/1473/862
f 792/1476/864 793/1477/865 797/1468/858 796/1467/857
f 793/1478/865 794/1479/866 798/1470/859 797/1469/858
f 794/1479/866 795/1480/867 799/1471/860 798/1470/859
f 795/1480/867 861/1475/863 857/1466/856 799/1471/860
f 858/1373/782 859/1472/861 863/1481/868 862/1374/783
f 859/1474/861 860/1473/862 864/1482/869 863/1483/868
f 860/1473/862 861/1475/863 865/1484/870 864/1482/869
f 788/1485/871 789/1486/872 793/1477/865 792/1476/864
f 789/1487/872 790/1488/873 794/1479/866 793/1478/865
f 790/1488/873 791/1489/874 795/1480/867 794/1479/866
f 791/1489/874 865/1484/870 861/1475/863 795/1480/867
f 862/1374/783 863/1481/868 867/1490/875 866/1375/784
f 863/1483/868 864/1482/869 868/1491/876 867/1492/875
f 864/1482/869 865/1484/870 869/1493/877 868/1491/876
f 784/1494/878 785/1495/879 789/1486/872 788/1485/871
f 785/1496/879 786/1497/880 790/1488/873 789/1487/872
f 786/1497/880 787/1498/881 791/1489/874 790/1488/873
f 787/1498/881 869/1493/877 865/1484/870 791/1489/874
f 866/1375/784 867/1490/875 871/1499/882 870/1376/785
f 867/1492/875 868/1491/876 872/1500/883 871/1501/882
f 868/1491/876 869/1493/877 873/1502/884 872/1500/883
f 780/1503/885 781/1504/886 785/1495/879 784/1494/878
f 781/1505/886 782/1506/887 786/1497/880 785/1496/879
f 782/1506/887 783/1507/888 787/1498/881 786/1497/880
f 783/1507/888 873/1502/884 869/1493/877 787/1498/881
f 870/1376/785 871/1499/882 875/1508/889 874/1377/786
f 871/1501/882 872/1500/883 876/1509/890 875/1510/889
f 872/1500/883 873/1502/884 877/1511/891 876/1509/890
f 776/1512/892 777/1513/893 781/1504/886 780/1503/885
f 777/1514/893 778/1515/894 782/1506/887 781/1505/886
f 778/1515/894 779/1516/895 783/1507/888 782/1506/887
f 779/1516/895 877/1511/891 873/1502/884 783/1507/888
f 874/1377/786 875/1508/889 879/1517/896 878/1378/787
f 875/1510/889 876/1509/890 880/1518/897 879/1519/896
f 876/1509/890 877/1511/891 881/1520/898 880/1518/897
f 772/1521/899 773/1522/900 777/1513/893 776/1512/892
f 773/1523/900 774/1524/901 778/1515/894 777/1514/893
f 774/1524/901 775/1525/902 779/1516/895 778/1515/894
f 775/1525/902 881/1520/898 877/1511/891 779/1516/895
f 878/1378/787 879/1517/896 883/1526/903 882/1379/788
f 879/1517/896 880/1527/897 884/1528/904 883/1526/903
f 880/1518/897 881/1520/898 885/1529/905 884/1530/904
f 768/1531/906 769/1532/907 773/1522/900 772/1521/899
f 769/1533/907 770/1534/908 774/1524/901 773/1523/900
f 770/1534/908 771/1535/909 775/1525/902 774/1524/901
f 771/1535/909 885/1529/905 881/1520/898 775/1525/902
f 882/1379/788 883/1526/903 887/1536/910 886/1380/789
f 883/1526/903 884/1528/904 888/1537/911 887/1536/910
f 884/1530/904 885/1529/905 889/1538/912 888/1539/911
f 764/1540/913 765/1541/914 769/1532/907 768/1531/906
f 765/1542/914 766/1543/915 770/1534/908 769/1533/907
f 766/1543/915 767/1544/916 771/1535/909 770/1534/908
f 767/1544/916 889/1538/912 885/1529/905 771/1535/909
f 886/1380/789 887/1536/910 891/1545/917 890/1381/790
f 887/1536/910 888/1537/911 892/1546/918 891/1545/917
f 888/1539/911 889/1538/912 893/1547/919 892/1548/918
f 760/1549/920 761/1550/921 765/1541/914 764/1540/913
f 761/1551/921 762/1552/922 766/1543/915 765/1542/914
f 762/1552/922 763/1553/923 767/1544/916 766/1543/915
f 763/1553/923 893/1547/919 889/1538/912 767/1544/916
f 890/1381/790 891/1545/917 895/1554/924 894/1382/791
f 891/1545/917 892/1546/918 896/1555/925 895/1554/924
f 892/1548/918 893/1547/919 897/1556/926 896/1557/925
f 756/1558/927 757/1559/928 761/1550/921 760/1549/920
f 757/1560/928 758/1561/929 762/1552/922 761/1551/921
f 758/1561/929 759/1562/930 763/1553/923 762/1552/922
f 759/1562/930 897/1556/926 893/1547/919 763/1553/923
f 894/1382/791 895/1554/924 899/1563/931 898/1383/792
f 895/1554/924 896/1555/925 900/1564/932 899/1563/931
f 896/1557/925 897/1556/926 901/1565/933 900/1566/932
f 752/1567/934 753/1568/935 757/1559/928 756/1558/927
f 753/1569/935 754/1570/936 758/1561/929 757/1560/928
f 754/1570/936 755/1571/937 759/1562/930 758/1561/929
f 755/1571/937 901/1565/933 897/1556/926 759/1562/930
f 898/1383/792 899/1563/931 903/1572/938 902/1384/793
f 899/1563/931 900/1564/932 904/1573/939 903/1572/938
f 900/1566/932 901/1565/933 905/1574/940 904/1575/939
f 748/1576/941 749/1577/942 753/1568/935 752/1567/934
f 749/1577/942 750/1578/943 754/1579/936 753/1568/935
f 750/1580/943 751/1581/944 755/1571/937 754/1570/936
f 751/1581/944 905/1574/940 901/1565/933 755/1571/937
f 902/1384/793 903/1572/938 907/1582/945 906/1385/794
f 903/1572/938 904/1573/939 908/1583/946 907/1582/945
f 904/1575/939 905/1574/940 909/1584/947 908/1585/946
f 744/1586/948 745/1587/949 749/1577/942 748/1576/941
f 745/1587/949 746/1588/950 750/1578/943 749/1577/942
f 746/1589/950 747/1590/951 751/1581/944 750/1580/943
f 747/1590/951 909/1584/947 905/1574/940 751/1581/944
f 906/1385/794 907/1582/945 911/1591/952 910/1386/795
f 907/1582/945 908/1583/946 912/1592/953 911/1591/952
f 908/1593/946 909/1594/947 913/1595/954 912/1596/953
f 740/1597/955 741/1598/956 745/1587/949 744/1586/948
f 741/1598/956 742/1599/957 746/1588/950 745/1587/949
f 742/1600/957 743/1601/958 747/1602/951 746/1603/950
f 743/1601/958 913/1595/954 909/1594/947 747/1602/951
f 910/1386/795 911/1591/952 827/1604/959 826/1387/796
f 911/1591/952 912/1592/953 828/1605/960 827/1604/959
f 912/1596/953 913/1595/954 829/1606/961 828/1607/960
f 736/1608/962 737/1609/963 741/1598/956 740/1597/955
f 737/1610/963 738/1611/964 742/1600/957 741/1612/956
f 738/1611/964 739/1613/965 743/1601/958 742/1600/957
f 739/1613/965 829/1606/961 913/1595/954 743/1601/958
f 990/1112/573 991/1614/966 999/1615/967 998/1113/574
f 991/1614/966 992/1616/968 1000/1617/969 999/1615/967
f 992/1618/968 993/1619/970 1001/1620/971 1000/1621/969
f 986/1622/972 987/1623/973 919/1624/974 918/1625/975
f 987/1623/973 988/1626/976 920/1627/977 919/1624/974
f 988/1628/976 989/1629/978 921/1630/979 920/1631/977
f 989/1629/978 1001/1620/971 993/1619/970 921/1630/979
f 998/1113/574 999/1615/967 1003/1632/980 1002/1114/575
f 999/1615/967 1000/1617/969 1004/1633/981 1003/1632/980
f 1000/1621/969 1001/1620/971 1005/1634/982 1004/1635/981
f 982/1636/983 983/1637/984 987/1623/973 986/1622/972
f 983/1637/984 984/1638/985 988/1626/976 987/1623/973
f 984/1639/985 985/1640/986 989/1629/978 988/1628/976
f 985/1640/986 1005/1634/982 1001/1620/971 989/1629/978
f 1002/1114/575 1003/1632/980 1007/1641/987 1006/1115/576
f 1003/1632/980 1004/1633/981 1008/1642/988 1007/1641/987
f 1004/1635/981 1005/1634/982 1009/1643/989 1008/1644/988
f 978/1645/990 979/1646/991 983/1637/984 982/1636/983
f 979/1646/991 980/1647/992 984/1638/985 983/1637/984
f 980/1648/992 981/1649/993 985/1640/986 984/1639/985
f 981/1649/993 1009/1643/989 1005/1634/982 985/1640/986
f 1006/1115/576 1007/1641/987 1011/1650/994 1010/1116/577
f 1007/1641/987 1008/1642/988 1012/1651/995 1011/1650/994
f 1008/1644/988 1009/1643/989 1013/1652/996 1012/1653/995
f 974/1654/997 975/1655/998 979/1646/991 978/1645/990
f 975/1655/998 976/1656/999 980/1647/992 979/1646/991
f 976/1657/999 977/1658/1000 981/1649/993 980/1648/992
f 977/1658/1000 1013/1652/996 1009/1643/989 981/1649/993
f 1010/1116/577 1011/1650/994 1015/1659/1001 1014/1117/578
f 1011/1650/994 1012/1651/995 1016/1660/1002 1015/1659/1001
f 1012/1653/995 1013/1652/996 1017/1661/1003 1016/1662/1002
f 970/1663/1004 971/1664/1005 975/1655/998 974/1654/997
f 971/1665/1005 972/1666/1006 976/1657/999 975/1667/998
f 972/1666/1006 973/1668/1007 977/1658/1000 976/1657/999
f 973/1668/1007 1017/1661/1003 1013/1652/996 977/1658/1000
f 1014/1117/578 1015/1659/1001 1019/1669/1008 1018/1118/579
f 1015/1659/1001 1016/1660/1002 1020/1670/1009 1019/1669/1008
f 1016/1662/1002 1017/1661/1003 1021/1671/1010 1020/1672/1009
f 966/1673/1011 967/1674/1012 971/1664/1005 970/1663/1004
f 967/1675/1012 968/1676/1013 972/1666/1006 971/1665/1005
f 968/1676/1013 969/1677/1014 973/1668/1007 972/1666/1006
f 969/1677/1014 1021/1671/1010 1017/1661/1003 973/1668/1007
f 1018/1118/579 1019/1669/1008 1023/1678/1015 1022/1119/580
f 1019/1669/1008 1020/1670/1009 1024/1679/1016 1023/1678/1015
f 1020/1672/1009 1021/1671/1010 1025/1680/1017 1024/1681/1016
f 962/1682/1018 963/1683/1019 967/1674/1012 966/1673/1011
f 963/1684/1019 964/1685/1020 968/1676/1013 967/1675/1012
f 964/1685/1020 965/1686/1021 969/1677/1014 968/1676/1013
f 965/1686/1021 1025/1680/1017 1021/1671/1010 969/1677/1014
f 1022/1119/580 1023/1678/1015 1027/1687/1022 1026/1120/581
f 1023/1678/1015 1024/1679/1016 1028/1688/1023 1027/1687/1022
f 1024/1681/1016 1025/1680/1017 1029/1689/1024 1028/1690/1023
f 958/1691/1025 959/1692/1026 963/1683/1019 962/1682/1018
f 959/1693/1026 960/1694/1027 964/1685/1020 963/1684/1019
f 960/1694/1027 961/1695/1028 965/1686/1021 964/1685/1020
f 961/1695/1028 1029/1689/1024 1025/1680/1017 965/1686/1021
f 1026/1120/581 1027/1687/1022 1031/1696/1029 1030/1121/582
f 1027/1697/1022 1028/1690/1023 1032/1698/1030 1031/1699/1029
f 1028/1690/1023 1029/1689/1024 1033/1700/1031 1032/1698/1030
f 954/1701/1032 955/1702/1033 959/1692/1026 958/1691/1025
f 955/1703/1033 956/1704/1034 960/1694/1027 959/1693/1026
f 956/1704/1034 957/1705/1035 961/1695/1028 960/1694/1027
f 957/1705/1035 1033/1700/1031 1029/1689/1024 961/1695/1028
f 1030/1121/582 1031/1696/1029 1035/1706/1036 1034/1122/583
f 1031/1699/1029 1032/1698/1030 1036/1707/1037 1035/1708/1036
f 1032/1698/1030 1033/1700/1031 1037/1709/1038 1036/1707/1037
f 950/1710/1039 951/1711/1040 955/1702/1033 954/1701/1032
f 951/1712/1040 952/1713/1041 956/1704/1034 955/1703/1033
f 952/1713/1041 953/1714/1042 957/1705/1035 956/1704/1034
f 953/1714/1042 1037/1709/1038 1033/1700/1031 957/1705/1035
f 1034/1122/583 1035/1706/1036 1039/1715/1043 1038/1123/584
f 1035/1708/1036 1036/1707/1037 1040/1716/1044 1039/1717/1043
f 1036/1707/1037 1037/1709/1038 1041/1718/1045 1040/1716/1044
f 946/1719/1046 947/1720/1047 951/1711/1040 950/1710/1039
f 947/1721/1047 948/1722/1048 952/1713/1041 951/1712/1040
f 948/1722/1048 949/1723/1049 953/1714/1042 952/1713/1041
f 949/1723/1049 1041/1718/1045 1037/1709/1038 953/1714/1042
f 1038/1123/584 1039/1715/1043 1043/1724/1050 1042/1124/585
f 1039/1717/1043 1040/1716/1044 1044/1725/1051 1043/1726/1050
f 1040/1716/1044 1041/1718/1045 1045/1727/1052 1044/1725/1051
f 942/1728/1053 943/1729/1054 947/1720/1047 946/1719/1046
f 943/1730/1054 944/1731/1055 948/1722/1048 947/1721/1047
f 944/1731/1055 945/1732/1056 949/1723/1049 948/1722/1048
f 945/1732/1056 1045/1727/1052 1041/1718/1045 949/1723/1049
f 1042/1124/585 1043/1724/1050 1047/1733/1057 1046/1125/586
f 1043/1724/1050 1044/1734/1051 1048/1735/1058 1047/1733/1057
f 1044/1725/1051 1045/1727/1052 1049/1736/1059 1048/1737/1058
f 938/1738/1060 939/1739/1061 943/1729/1054 942/1728/1053
f 939/1740/1061 940/1741/1062 944/1731/1055 943/1730/1054
f 940/1741/1062 941/1742/1063 945/1732/1056 944/1731/1055
f 941/1742/1063 1049/1736/1059 1045/1727/1052 945/1732/1056
f 1046/1125/586 1047/1733/1057 1051/1743/1064 1050/1126/587
f 1047/1733/1057 1048/1735/1058 1052/1744/1065 1051/1743/1064
f 1048/1737/1058 1049/1736/1059 1053/1745/1066 1052/1746/1065
f 934/1747/1067 935/1748/1068 939/1739/1061 938/1738/1060
f 935/1748/1068 936/1749/1069 940/1750/1062 939/1739/1061
f 936/1751/1069 937/1752/1070 941/1742/1063 940/1741/1062
f 937/1752/1070 1053/1745/1066 1049/1736/1059 941/1742/1063
f 1050/1126/587 1051/1743/1064 1055/1753/1071 1054/1127/588
f 1051/1743/1064 1052/1744/1065 1056/1754/1072 1055/1753/1071
f 1052/1746/1065 1053/1745/1066 1057/1755/1073 1056/1756/1072
f 930/1757/1074 931/1758/1075 935/1748/1068 934/1747/1067
f 931/1758/1075 932/1759/1076 936/1749/1069 935/1748/1068
f 932/1760/1076 933/1761/1077 937/1752/1070 936/1751/1069
f 933/1761/1077 1057/1755/1073 1053/1745/1066 937/1752/1070
f 1054/1127/588 1055/1753/1071 1059/1762/1078 1058/1128/589
f 1055/1753/1071 1056/1754/1072 1060/1763/1079 1059/1762/1078
f 1056/1756/1072 1057/1755/1073 1061/1764/1080 1060/1765/1079
f 926/1766/1081 927/1767/1082 931/1758/1075 930/1757/1074
f 927/1767/1082 928/1768/1083 932/1759/1076 931/1758/1075
f 928/1769/1083 929/1770/1084 933/1761/1077 932/1760/1076
f 929/1770/1084 1061/1764/1080 1057/1755/1073 933/1761/1077
f 1058/1128/589 1059/1762/1078 1063/1771/1085 1062/1129/590
f 1059/1762/1078 1060/1763/1079 1064/1772/1086 1063/1771/1085
f 1060/1765/1079 1061/1764/1080 1065/1773/1087 1064/1774/1086
f 922/1775/1088 923/1776/1089 927/1767/1082 926/1766/1081
f 923/1776/1089 924/1777/1090 928/1768/1083 927/1767/1082
f 924/1778/1090 925/1779/1091 929/1770/1084 928/1769/1083
f 925/1779/1091 1065/1773/1087 1061/1764/1080 929/1770/1084
f 1062/1129/590 1063/1771/1085 995/1780/1092 994/1130/591
f 1063/1771/1085 1064/1772/1086 996/1781/1093 995/1780/1092
f 1064/1782/1086 1065/1783/1087 997/1784/1094 996/1785/1093
f 914/1786/1095 915/1787/1096 923/1776/1089 922/1775/1088
f 915/1787/1096 916/1788/1097 924/1777/1090 923/1776/1089
f 916/1789/1097 917/1790/1098 925/1791/1091 924/1792/1090
f 917/1790/1098 997/1784/1094 1065/1783/1087 925/1791/1091
f 1142/1388/797 1143/1793/1099 1151/1794/1100 1150/1389/798
f 1143/1793/1099 1144/1795/1101 1152/1796/1102 1151/1794/1100
f 1144/1797/1101 1145/1798/1103 1153/1799/1104 1152/1800/1102
f 1138/1801/1105 1139/1802/1106 1071/1803/1107 1070/1804/1108
f 1139/1805/1106 1140/1806/1109 1072/1807/1110 1071/1808/1107
f 1140/1806/1109 1141/1809/1111 1073/1810/1112 1072/1807/1110
f 1141/1809/1111 1153/1799/1104 1145/1798/1103 1073/1810/1112
f 1150/1389/798 1151/1794/1100 1155/1811/1113 1154/1390/799
f 1151/1794/1100 1152/1796/1102 1156/1812/1114 1155/1811/1113
f 1152/1800/1102 1153/1799/1104 1157/1813/1115 1156/1814/1114
f 1134/1815/1116 1135/1816/1117 1139/1802/1106 1138/1801/1105
f 1135/1817/1117 1136/1818/1118 1140/1806/1109 1139/1805/1106
f 1136/1818/1118 1137/1819/1119 1141/1809/1111 1140/1806/1109
f 1137/1819/1119 1157/1813/1115 1153/1799/1104 1141/1809/1111
f 1154/1390/799 1155/1811/1113 1159/1820/1120 1158/1391/800
f 1155/1811/1113 1156/1812/1114 1160/1821/1121 1159/1820/1120
f 1156/1814/1114 1157/1813/1115 1161/1822/1122 1160/1823/1121
f 1130/1824/1123 1131/1825/1124 1135/1816/1117 1134/1815/1116
f 1131/1826/1124 1132/1827/1125 1136/1818/1118 1135/1817/1117
f 1132/1827/1125 1133/1828/1126 1137/1819/1119 1136/1818/1118
f 1133/1828/1126 1161/1822/1122 1157/1813/1115 1137/1819/1119
f 1158/1391/800 1159/1820/1120 1163/1829/1127 1162/1392/801
f 1159/1820/1120 1160/1821/1121 1164/1830/1128 1163/1829/1127
f 1160/1823/1121 1161/1822/1122 1165/1831/1129 1164/1832/1128
f 1126/1833/1130 1127/1834/1131 1131/1825/1124 1130/1824/1123
f 1127/1835/1131 1128/1836/1132 1132/1827/1125 1131/1826/1124
f 1128/1836/1132 1129/1837/1133 1133/1828/1126 1132/1827/1125
f 1129/1837/1133 1165/1831/1129 1161/1822/1122 1133/1828/1126
f 1162/1392/801 1163/1829/1127 1167/1838/1134 1166/1393/802
f 1163/1829/1127 1164/1830/1128 1168/1839/1135 1167/1838/1134
f 1164/1832/1128 1165/1831/1129 1169/1840/1136 1168/1841/1135
f 1122/1842/1137 1123/1843/1138 1127/1834/1131 1126/1833/1130
f 1123/1844/1138 1124/1845/1139 1128/1836/1132 1127/1835/1131
f 1124/1845/1139 1125/1846/1140 1129/1837/1133 1128/1836/1132
f 1125/1846/1140 1169/1840/1136 1165/1831/1129 1129/1837/1133
f 1166/1393/802 1167/1838/1134 1171/1847/1141 1170/1394/803
f 1167/1838/1134 1168/1839/1135 1172/1848/1142 1171/1847/1141
f 1168/1841/1135 1169/1840/1136 1173/1849/1143 1172/1850/1142
f 1118/1851/1144 1119/1852/1145 1123/1843/1138 1122/1842/1137
f 1119/1853/1145 1120/1854/1146 1124/1845/1139 1123/1844/1138
f 1120/1854/1146 1121/1855/1147 1125/1846/1140 1124/1845/1139
f 1121/1855/1147 1173/1849/1143 1169/1840/1136 1125/1846/1140
f 1170/1394/803 1171/1847/1141 1175/1856/1148 1174/1395/804
f 1171/1847/1141 1172/1848/1142 1176/1857/1149 1175/1856/1148
f 1172/1850/1142 1173/1849/1143 1177/1858/1150 1176/1859/1149
f 1114/1860/1151 1115/1861/1152 1119/1852/1145 1118/1851/1144
f 1115/1862/1152 1116/1863/1153 1120/1854/1146 1119/1853/1145
f 1116/1863/1153 1117/1864/1154 1121/1855/1147 1120/1854/1146
f 1117/1864/1154 1177/1858/1150 1173/1849/1143 1121/1855/1147
f 1174/1395/804 1175/1856/1148 1179/1865/1155 1178/1396/805
f 1175/1856/1148 1176/1857/1149 1180/1866/1156 1179/1865/1155
f 1176/1859/1149 1177/1858/1150 1181/1867/1157 1180/1868/1156
f 1110/1869/1158 1111/1870/1159 1115/1861/1152 1114/1860/1151
f 1111/1871/1159 1112/1872/1160 1116/1863/1153 1115/1862/1152
f 1112/1872/1160 1113/1873/1161 1117/1864/1154 1116/1863/1153
f 1113/1873/1161 1181/1867/1157 1177/1858/1150 1117/1864/1154
f 1178/1396/805 1179/1865/1155 1183/1874/1162 1182/1397/806
f 1179/1865/1155 1180/1866/1156 1184/1875/1163 1183/1874/1162
f 1180/1868/1156 1181/1867/1157 1185/1876/1164 1184/1877/1163
f 1106/1878/1165 1107/1879/1166 1111/1870/1159 1110/1869/1158
f 1107/1880/1166 1108/1881/1167 1112/1872/1160 1111/1871/1159
f 1108/1881/1167 1109/1882/1168 1113/1873/1161 1112/1872/1160
f 1109/1882/1168 1185/1876/1164 1181/1867/1157 1113/1873/1161
f 1182/1397/806 1183/1874/1162 1187/1883/1169 1186/1398/807
f 1183/1874/1162 1184/1875/1163 1188/1884/1170 1187/1883/1169
f 1184/1877/1163 1185/1876/1164 1189/1885/1171 1188/1886/1170
f 1102/1887/1172 1103/1888/1173 1107/1879/1166 1106/1878/1165
f 1103/1889/1173 1104/1890/1174 1108/1881/1167 1107/1880/1166
f 1104/1890/1174 1105/1891/1175 1109/1882/1168 1108/1881/1167
f 1105/1891/1175 1189/1885/1171 1185/1876/1164 1109/1882/1168
f 1186/1398/807 1187/1883/1169 1191/1892/1176 1190/1399/808
f 1187/1883/1169 1188/1884/1170 1192/1893/1177 1191/1892/1176
f 1188/1886/1170 1189/1885/1171 1193/1894/1178 1192/1895/1177
f 1098/1896/1179 1099/1897/1180 1103/1888/1173 1102/1887/1172
f 1099/1898/1180 1100/1899/1181 1104/1890/1174 1103/1889/1173
f 1100/1899/1181 1101/1900/1182 1105/1891/1175 1104/1890/1174
f 1101/1900/1182 1193/1894/1178 1189/1885/1171 1105/1891/1175
f 1190/1399/808 1191/1892/1176 1195/1901/1183 1194/1400/809
f 1191/1892/1176 1192/1893/1177 1196/1902/1184 1195/1901/1183
f 1192/1895/1177 1193/1894/1178 1197/1903/1185 1196/1904/1184
f 1094/1905/1186 1095/1906/1187 1099/1897/1180 1098/1896/1179
f 1095/1907/1187 1096/1908/1188 1100/1899/1181 1099/1898/1180
f 1096/1908/1188 1097/1909/1189 1101/1900/1182 1100/1899/1181
f 1097/1909/1189 1197/1903/1185 1193/1894/1178 1101/1900/1182
f 1194/1400/809 1195/1901/1183 1199/1910/1190 1198/1401/810
f 1195/1901/1183 1196/1902/1184 1200/1911/1191 1199/1910/1190
f 1196/1904/1184 1197/1903/1185 1201/1912/1192 1200/1913/1191
f 1090/1914/1193 1091/1915/1194 1095/1906/1187 1094/1905/1186
f 1091/1916/1194 1092/1917/1195 1096/1908/1188 1095/1907/1187
f 1092/1917/1195 1093/1918/1196 1097/1909/1189 1096/1908/1188
f 1093/1918/1196 1201/1912/1192 1197/1903/1185 1097/1909/1189
f 1198/1401/810 1199/1910/1190 1203/1919/1197 1202/1402/811
f 1199/1910/1190 1200/1911/1191 1204/1920/1198 1203/1919/1197
f 1200/1913/1191 1201/1912/1192 1205/1921/1199 1204/1922/1198
f 1086/1923/1200 1087/1924/1201 1091/1915/1194 1090/1914/1193
f 1087/1925/1201 1088/1926/1202 1092/1917/1195 1091/1916/1194
f 1088/1926/1202 1089/1927/1203 1093/1918/1196 1092/1917/1195
f 1089/1927/1203 1205/1921/1199 1201/1912/1192 1093/1918/1196
f 1202/1402/811 1203/1919/1197 1207/1928/1204 1206/1403/812
f 1203/1919/1197 1204/1920/1198 1208/1929/1205 1207/1928/1204
f 1204/1922/1198 1205/1921/1199 1209/1930/1206 1208/1931/1205
f 1082/1932/1207 1083/1933/1208 1087/1924/1201 1086/1923/1200
f 1083/1934/1208 1084/1935/1209 1088/1926/1202 1087/1925/1201
f 1084/1935/1209 1085/1936/1210 1089/1927/1203 1088/1926/1202
f 1085/1936/1210 1209/1930/1206 1205/1921/1199 1089/1927/1203
f 1206/1403/812 1207/1928/1204 1211/1937/1211 1210/1404/813
f 1207/1928/1204 1208/1929/1205 1212/1938/1212 1211/1937/1211
f 1208/1931/1205 1209/1930/1206 1213/1939/1213 1212/1940/1212
f 1078/1941/1214 1079/1942/1215 1083/1933/1208 1082/1932/1207
f 1079/1942/1215 1080/1943/1216 1084/1944/1209 1083/1933/1208
f 1080/1945/1216 1081/1946/1217 1085/1936/1210 1084/1935/1209
f 1081/1946/1217 1213/1939/1213 1209/1930/1206 1085/1936/1210
f 1210/1404/813 1211/1937/1211 1215/1947/1218 1214/1405/814
f 1211/1937/1211 1212/1938/1212 1216/1948/1219 1215/1947/1218
f 1212/1940/1212 1213/1939/1213 1217/1949/1220 1216/1950/1219
f 1074/1951/1221 1075/1952/1222 1079/1942/1215 1078/1941/1214
f 1075/1952/1222 1076/1953/1223 1080/1943/1216 1079/1942/1215
f 1076/1954/1223 1077/1955/1224 1081/1946/1217 1080/1945/1216
f 1077/1955/1224 1217/1949/1220 1213/1939/1213 1081/1946/1217
f 1214/1405/814 1215/1947/1218 1147/1956/1225 1146/1406/815
f 1215/1947/1218 1216/1948/1219 1148/1957/1226 1147/1956/1225
f 1216/1958/1219 1217/1959/1220 1149/1960/1227 1148/1961/1226
f 1066/1962/1228 1067/1963/1229 1075/1952/1222 1074/1951/1221
f 1067/1963/1229 1068/1964/562 1076/1953/1223 1075/1952/1222
f 1068/1965/562 1069/1966/565 1077/1955/1224 1076/1954/1223
f 1069/1966/565 1149/1967/1227 1217/1949/1220 1077/1955/1224
f 560/1345/756 561/1344/755 915/1787/1096 914/1786/1095
f 561/1344/755 562/1346/757 916/1788/1097 915/1787/1096
f 562/1348/757 563/1347/758 917/1790/1098 916/1789/1097
f 563/1347/758 651/1349/759 997/1784/1094 917/1790/1098
f 994/1130/591 995/1780/1092 649/1350/760 648/1131/592
f 995/1780/1092 996/1781/1093 650/1351/761 649/1350/760
f 996/1785/1093 997/1784/1094 651/1349/759 650/1352/761
f 1390/1014/552 1306/1013/551 823/1423/825 833/1415/819
f 1070/1804/1108 1071/1803/1107 737/1609/963 736/1608/962
f 1071/1808/1107 1072/1807/1110 738/1611/964 737/1610/963
f 1072/1807/1110 1073/1810/1112 739/1613/965 738/1611/964
f 1073/1810/1112 1145/1798/1103 829/1606/961 739/1613/965
f 826/1387/796 827/1604/959 1143/1793/1099 1142/1388/797
f 827/1604/959 828/1605/960 1144/1795/1101 1143/1793/1099
f 828/1607/960 829/1606/961 1145/1798/1103 1144/1797/1101
f 1304/1968/1230 992/1616/968 991/1614/966 1303/1969/1231
f 1303/1969/1231 991/1614/966 990/1112/573 1302/1111/572
f 1350/1970/1232 1351/1971/570 734/1166/571 735/1160/618
f 1304/1972/1230 1300/1973/1233 1301/1974/1234 1305/1975/1235
f 1303/1969/1231 1299/1976/1236 1300/1977/1233 1304/1968/1230
f 1302/1111/572 1298/1978/1237 1299/1976/1236 1303/1969/1231
f 1354/1979/1238 1355/1980/1239 1351/1971/570 1350/1970/1232
f 1355/1981/1239 1356/1982/1240 1352/1108/569 1351/1109/570
f 1356/1982/1240 1357/1983/1241 1353/1105/566 1352/1108/569
f 1300/1973/1233 1296/1984/1242 1297/1985/1243 1301/1974/1234
f 1357/1983/1241 1298/1978/1237 1302/1111/572 1353/1105/566
f 1299/1976/1236 1295/1986/1244 1296/1987/1242 1300/1977/1233
f 1298/1978/1237 1294/1988/1245 1295/1986/1244 1299/1976/1236
f 1358/1989/1246 1359/1990/1247 1355/1980/1239 1354/1979/1238
f 1359/1991/1247 1360/1992/1248 1356/1982/1240 1355/1981/1239
f 1360/1992/1248 1361/1993/1249 1357/1983/1241 1356/1982/1240
f 1296/1984/1242 1292/1994/1250 1293/1995/1251 1297/1985/1243
f 1361/1993/1249 1294/1988/1245 1298/1978/1237 1357/1983/1241
f 1295/1986/1244 1291/1996/1252 1292/1997/1250 1296/1987/1242
f 1294/1988/1245 1290/1998/1253 1291/1996/1252 1295/1986/1244
f 1362/1999/1254 1363/2000/1255 1359/1990/1247 1358/1989/1246
f 1363/2001/1255 1364/2002/1256 1360/1992/1248 1359/1991/1247
f 1364/2002/1256 1365/2003/1257 1361/1993/1249 1360/1992/1248
f 1292/1994/1250 1288/2004/1258 1289/2005/1259 1293/1995/1251
f 1365/2003/1257 1290/1998/1253 1294/1988/1245 1361/1993/1249
f 1291/1996/1252 1287/2006/1260 1288/2007/1258 1292/1997/1250
f 1290/1998/1253 1286/2008/1261 1287/2006/1260 1291/1996/1252
f 1366/2009/1262 1367/2010/1263 1363/2000/1255 1362/1999/1254
f 1367/2011/1263 1368/2012/1264 1364/2002/1256 1363/2001/1255
f 1368/2012/1264 1369/2013/1265 1365/2003/1257 1364/2002/1256
f 1288/2004/1258 1284/2014/1266 1285/2015/1267 1289/2005/1259
f 1369/2013/1265 1286/2008/1261 1290/1998/1253 1365/2003/1257
f 1287/2006/1260 1283/2016/1268 1284/2017/1266 1288/2007/1258
f 1286/2008/1261 1282/2018/1269 1283/2016/1268 1287/2006/1260
f 1370/2019/1270 1371/2020/1271 1367/2010/1263 1366/2009/1262
f 1371/2021/1271 1372/2022/1272 1368/2012/1264 1367/2011/1263
f 1372/2022/1272 1373/2023/1273 1369/2013/1265 1368/2012/1264
f 1284/2014/1266 1280/2024/1274 1281/2025/1275 1285/2015/1267
f 1373/2023/1273 1282/2018/1269 1286/2008/1261 1369/2013/1265
f 1283/2016/1268 1279/2026/1276 1280/2027/1274 1284/2017/1266
f 1282/2018/1269 1278/2028/1277 1279/2026/1276 1283/2016/1268
f 1374/2029/1278 1375/2030/1279 1371/2020/1271 1370/2019/1270
f 1375/2031/1279 1376/2032/1280 1372/2022/1272 1371/2021/1271
f 1376/2032/1280 1377/2033/1281 1373/2023/1273 1372/2022/1272
f 1280/2024/1274 1276/2034/1282 1277/2035/1283 1281/2025/1275
f 1377/2033/1281 1278/2028/1277 1282/2018/1269 1373/2023/1273
f 1279/2026/1276 1275/2036/1284 1276/2037/1282 1280/2027/1274
f 1278/2028/1277 1274/2038/1285 1275/2036/1284 1279/2026/1276
f 1378/2039/1286 1379/2040/1287 1375/2030/1279 1374/2029/1278
f 1379/2041/1287 1380/2042/1288 1376/2032/1280 1375/2031/1279
f 1380/2042/1288 1381/2043/1289 1377/2033/1281 1376/2032/1280
f 1276/2034/1282 1272/2044/1290 1273/2045/1291 1277/2035/1283
f 1381/2043/1289 1274/2038/1285 1278/2028/1277 1377/2033/1281
f 1275/2036/1284 1271/2046/1292 1272/2047/1290 1276/2037/1282
f 1274/2038/1285 1270/2048/1293 1271/2046/1292 1275/2036/1284
f 1382/2049/1294 1383/2050/1295 1379/2040/1287 1378/2039/1286
f 1383/2051/1295 1384/2052/1296 1380/2042/1288 1379/2041/1287
f 1384/2052/1296 1385/2053/1297 1381/2043/1289 1380/2042/1288
f 1272/2044/1290 1268/2054/1298 1269/2055/1299 1273/2045/1291
f 1385/2053/1297 1270/2048/1293 1274/2038/1285 1381/2043/1289
f 1271/2046/1292 1267/2056/1300 1268/2057/1298 1272/2047/1290
f 1270/2048/1293 1266/2058/1301 1267/2056/1300 1271/2046/1292
f 1386/1011/549 1387/2059/1302 1383/2050/1295 1382/2049/1294
f 1387/2060/1302 1388/2061/1303 1384/2052/1296 1383/2051/1295
f 1388/2061/1303 1389/2062/1304 1385/2053/1297 1384/2052/1296
f 1268/2054/1298 1264/2063/1305 1265/2064/1306 1269/2055/1299
f 1389/2062/1304 1266/2058/1301 1270/2048/1293 1385/2053/1297
f 1267/2056/1300 1263/2065/1307 1264/2066/1305 1268/2057/1298
f 1266/2058/1301 1262/1407/816 1263/2065/1307 1267/2056/1300
f 1390/1014/552 1391/2067/766 1387/2059/1302 1386/1011/549
f 1391/1357/766 1392/1354/763 1388/2061/1303 1387/2060/1302
f 1392/1354/763 1393/1353/762 1389/2062/1304 1388/2061/1303
f 1148/1961/1226 1149/1960/1227 1265/2064/1306 1264/2063/1305
f 1221/2068/1308 921/1630/979 993/1619/970 1305/1975/1235
f 1147/1956/1225 1148/1957/1226 1264/2066/1305 1263/2065/1307
f 1146/1406/815 1147/1956/1225 1263/2065/1307 1262/1407/816
f 1391/2067/766 1390/1014/552 833/1415/819 832/1414/767
f 1309/1362/771 1258/2069/1309 1066/1962/1228 1074/1951/1221 1078/1941/1214 1082/1932/1207 1086/1923/1200 1090/1914/1193 1094/1905/1186 1098/1896/1179 1102/1887/1172 1106/1878/1165 1110/1869/1158 1114/1860/1151 1118/1851/1144 1122/1842/1137 1126/1833/1130 1130/1824/1123 1134/1815/1116 1138/1801/1105 1070/1804/1108 736/1608/962 740/1597/955 744/1586/948 748/1576/941 752/1567/934 756/1558/927 760/1549/920 764/1540/913 768/1531/906 772/1521/899 776/1512/892 780/1503/885 784/1494/878 788/1485/871 792/1476/864 796/1467/857 800/1457/850 804/1447/843 808/1438/836 812/1429/829 816/1418/821 820/1363/772
f 1225/2070/1310 1221/2068/1308 1305/1975/1235 1301/1974/1234
f 1067/1963/1229 1259/2071/1311 1260/2072/563 1068/1964/562
f 1066/1962/1228 1258/2069/1309 1259/2071/1311 1067/1963/1229
f 1306/1013/551 1307/2073/774 822/1424/775 823/1423/825
f 1393/1353/762 1262/1407/816 1266/2058/1301 1389/2062/1304
f 1313/2074/1312 1254/2075/1313 1258/2069/1309 1309/1362/771
f 1259/2071/1311 1255/2076/1314 1256/2077/768 1260/2072/563
f 1258/2069/1309 1254/2075/1313 1255/2076/1314 1259/2071/1311
f 1310/1012/550 1311/2078/1315 1307/2073/774 1306/1013/551
f 1382/2049/1294 1314/2079/1316 1310/1012/550 1386/1011/549
f 1311/2080/1315 1312/2081/1317 1308/1361/770 1307/1365/774
f 1312/2081/1317 1313/2074/1312 1309/1362/771 1308/1361/770
f 1256/1359/768 1252/2082/1318 1253/2083/1319 1257/1360/769
f 1261/1103/564 1257/1360/769 1269/2055/1299 1265/2064/1306
f 1317/2084/1320 1250/2085/1321 1254/2075/1313 1313/2074/1312
f 1255/2076/1314 1251/2086/1322 1252/2087/1318 1256/2077/768
f 1254/2075/1313 1250/2085/1321 1251/2086/1322 1255/2076/1314
f 1314/2079/1316 1315/2088/1323 1311/2078/1315 1310/1012/550
f 1378/2039/1286 1318/2089/1324 1314/2079/1316 1382/2049/1294
f 1315/2090/1323 1316/2091/1325 1312/2081/1317 1311/2080/1315
f 1316/2091/1325 1317/2084/1320 1313/2074/1312 1312/2081/1317
f 1252/2082/1318 1248/2092/1326 1249/2093/1327 1253/2083/1319
f 1257/1360/769 1253/2083/1319 1273/2045/1291 1269/2055/1299
f 1321/2094/1328 1246/2095/1329 1250/2085/1321 1317/2084/1320
f 1251/2086/1322 1247/2096/1330 1248/2097/1326 1252/2087/1318
f 1250/2085/1321 1246/2095/1329 1247/2096/1330 1251/2086/1322
f 1318/2089/1324 1319/2098/1331 1315/2088/1323 1314/2079/1316
f 1374/2029/1278 1322/2099/1332 1318/2089/1324 1378/2039/1286
f 1319/2100/1331 1320/2101/1333 1316/2091/1325 1315/2090/1323
f 1320/2101/1333 1321/2094/1328 1317/2084/1320 1316/2091/1325
f 1248/2092/1326 1244/2102/1334 1245/2103/1335 1249/2093/1327
f 1253/2083/1319 1249/2093/1327 1277/2035/1283 1273/2045/1291
f 1325/2104/1336 1242/2105/1337 1246/2095/1329 1321/2094/1328
f 1247/2096/1330 1243/2106/1338 1244/2107/1334 1248/2097/1326
f 1246/2095/1329 1242/2105/1337 1243/2106/1338 1247/2096/1330
f 1322/2099/1332 1323/2108/1339 1319/2098/1331 1318/2089/1324
f 1370/2019/1270 1326/2109/1340 1322/2099/1332 1374/2029/1278
f 1323/2110/1339 1324/2111/1341 1320/2101/1333 1319/2100/1331
f 1324/2111/1341 1325/2104/1336 1321/2094/1328 1320/2101/1333
f 1244/2102/1334 1240/2112/1342 1241/2113/1343 1245/2103/1335
f 1249/2093/1327 1245/2103/1335 1281/2025/1275 1277/2035/1283
f 1329/2114/1344 1238/2115/1345 1242/2105/1337 1325/2104/1336
f 1243/2106/1338 1239/2116/1346 1240/2117/1342 1244/2107/1334
f 1242/2105/1337 1238/2115/1345 1239/2116/1346 1243/2106/1338
f 1326/2109/1340 1327/2118/1347 1323/2108/1339 1322/2099/1332
f 1366/2009/1262 1330/2119/1348 1326/2109/1340 1370/2019/1270
f 1327/2120/1347 1328/2121/1349 1324/2111/1341 1323/2110/1339
f 1328/2121/1349 1329/2114/1344 1325/2104/1336 1324/2111/1341
f 1240/2112/1342 1236/2122/1350 1237/2123/1351 1241/2113/1343
f 1245/2103/1335 1241/2113/1343 1285/2015/1267 1281/2025/1275
f 1333/2124/1352 1234/2125/1353 1238/2115/1345 1329/2114/1344
f 1239/2116/1346 1235/2126/1354 1236/2127/1350 1240/2117/1342
f 1238/2115/1345 1234/2125/1353 1235/2126/1354 1239/2116/1346
f 1330/2119/1348 1331/2128/1355 1327/2118/1347 1326/2109/1340
f 1362/1999/1254 1334/2129/1356 1330/2119/1348 1366/2009/1262
f 1331/2130/1355 1332/2131/1357 1328/2121/1349 1327/2120/1347
f 1332/2131/1357 1333/2124/1352 1329/2114/1344 1328/2121/1349
f 1236/2122/1350 1232/2132/1358 1233/2133/1359 1237/2123/1351
f 1241/2113/1343 1237/2123/1351 1289/2005/1259 1285/2015/1267
f 1337/2134/1360 1230/2135/1361 1234/2125/1353 1333/2124/1352
f 1235/2126/1354 1231/2136/1362 1232/2137/1358 1236/2127/1350
f 1234/2125/1353 1230/2135/1361 1231/2136/1362 1235/2126/1354
f 1334/2129/1356 1335/2138/1363 1331/2128/1355 1330/2119/1348
f 1358/1989/1246 1338/2139/1364 1334/2129/1356 1362/1999/1254
f 1335/2140/1363 1336/2141/1365 1332/2131/1357 1331/2130/1355
f 1336/2141/1365 1337/2134/1360 1333/2124/1352 1332/2131/1357
f 1232/2132/1358 1228/2142/1366 1229/2143/1367 1233/2133/1359
f 1237/2123/1351 1233/2133/1359 1293/1995/1251 1289/2005/1259
f 1341/2144/1368 1226/2145/1369 1230/2135/1361 1337/2134/1360
f 1231/2136/1362 1227/2146/1370 1228/2147/1366 1232/2137/1358
f 1230/2135/1361 1226/2145/1369 1227/2146/1370 1231/2136/1362
f 1338/2139/1364 1339/2148/1371 1335/2138/1363 1334/2129/1356
f 1354/1979/1238 1342/2149/1372 1338/2139/1364 1358/1989/1246
f 1339/2150/1371 1340/2151/1373 1336/2141/1365 1335/2140/1363
f 1340/2151/1373 1341/2144/1368 1337/2134/1360 1336/2141/1365
f 1228/2142/1366 1224/2152/1374 1225/2070/1310 1229/2143/1367
f 1233/2133/1359 1229/2143/1367 1297/1985/1243 1293/1995/1251
f 1345/2153/1375 1222/2154/1376 1226/2145/1369 1341/2144/1368
f 1227/2146/1370 1223/2155/1377 1224/2156/1374 1228/2147/1366
f 1226/2145/1369 1222/2154/1376 1223/2155/1377 1227/2146/1370
f 1342/2149/1372 1343/2157/1378 1339/2148/1371 1338/2139/1364
f 1350/1970/1232 1346/2158/1379 1342/2149/1372 1354/1979/1238
f 1343/2159/1378 1344/2160/1380 1340/2151/1373 1339/2150/1371
f 1344/2160/1380 1345/2153/1375 1341/2144/1368 1340/2151/1373
f 1224/2152/1374 1220/2161/1381 1221/2068/1308 1225/2070/1310
f 1229/2143/1367 1225/2070/1310 1301/1974/1234 1297/1985/1243
f 1349/1095/556 1218/2162/1382 1222/2154/1376 1345/2153/1375
f 1223/2155/1377 1219/2163/1383 1220/2164/1381 1224/2156/1374
f 1222/2154/1376 1218/2162/1382 1219/2163/1383 1223/2155/1377
f 1346/2158/1379 1347/2165/560 1343/2157/1378 1342/2149/1372
f 1347/1099/560 1348/1096/557 1344/2160/1380 1343/2159/1378
f 1348/1096/557 1349/1095/556 1345/2153/1375 1344/2160/1380
f 1220/2161/1381 920/1631/977 921/1630/979 1221/2068/1308
f 1346/2158/1379 1350/1970/1232 735/1160/618 567/1159/616
f 1149/1960/1227 1069/1104/565 1261/1103/564 1265/2064/1306
f 1219/2163/1383 919/1624/974 920/1627/977 1220/2164/1381
f 1218/2162/1382 918/1625/975 919/1624/974 1219/2163/1383
f 1347/2165/560 1346/2158/1379 567/1159/616 566/2166/561
f 564/1098/559 568/1153/614 572/1168/623 576/1179/630 580/1188/637 584/1197/644 588/1206/651 592/1215/658 596/1224/665 600/1234/672 604/1244/679 608/1253/686 612/1262/693 616/1271/700 620/1280/707 624/1289/714 628/1298/721 632/1307/728 636/1318/735 640/1327/742 644/1336/749 560/1345/756 914/1786/1095 922/1775/1088 926/1766/1081 930/1757/1074 934/1747/1067 938/1738/1060 942/1728/1053 946/1719/1046 950/1710/1039 954/1701/1032 958/1691/1025 962/1682/1018 966/1673/1011 970/1663/1004 974/1654/997 978/1645/990 982/1636/983 986/1622/972 918/1625/975 1218/2162/1382 1349/1095/556
f 535/2167/555 533/2168/555 532/2169/555 534/2170/555
f 1394/319/175 1399/322/178 1401/2171/1384 1396/2172/1385
f 1396/2172/1385 1401/2171/1384 1400/2173/1386 1397/2174/1387
f 1397/2174/1387 1400/2173/1386 1398/2175/1388 1395/2176/1389
f 214/339/193 1395/2177/1389 1398/2178/1388 147/2179/1390 153/340/194
f 1305/1975/1235 993/1619/970 992/1618/968 1304/1972/1230
